"Step","w1-baseline-fast - completion_len/min","w1-baseline-fast - completion_len/min__MIN","w1-baseline-fast - completion_len/min__MAX","w1-alpha64-baseline - completion_len/min","w1-alpha64-baseline - completion_len/min__MIN","w1-alpha64-baseline - completion_len/min__MAX","w1-alpha32-baseline - completion_len/min","w1-alpha32-baseline - completion_len/min__MIN","w1-alpha32-baseline - completion_len/min__MAX","w1-alpha128-baseline - completion_len/min","w1-alpha128-baseline - completion_len/min__MIN","w1-alpha128-baseline - completion_len/min__MAX","w1-alpha64-lr1e-5 - completion_len/min","w1-alpha64-lr1e-5 - completion_len/min__MIN","w1-alpha64-lr1e-5 - completion_len/min__MAX","w1-alpha64-lr3e-6 - completion_len/min","w1-alpha64-lr3e-6 - completion_len/min__MIN","w1-alpha64-lr3e-6 - completion_len/min__MAX","w1-alpha64-lr3e-6-b64-r16 - completion_len/min","w1-alpha64-lr3e-6-b64-r16 - completion_len/min__MIN","w1-alpha64-lr3e-6-b64-r16 - completion_len/min__MAX","w1-alpha64-lr5e-6 - completion_len/min","w1-alpha64-lr5e-6 - completion_len/min__MIN","w1-alpha64-lr5e-6 - completion_len/min__MAX","w1-alpha64-lr3e-6-2048-max-tokens - completion_len/min","w1-alpha64-lr3e-6-2048-max-tokens - completion_len/min__MIN","w1-alpha64-lr3e-6-2048-max-tokens - completion_len/min__MAX","w1-alpha64-lr3e-6-1024-max-tokens - completion_len/min","w1-alpha64-lr3e-6-1024-max-tokens - completion_len/min__MIN","w1-alpha64-lr3e-6-1024-max-tokens - completion_len/min__MAX","w2-alpha64-lr3e-6-2048-max-tokens-t0.15 - completion_len/min","w2-alpha64-lr3e-6-2048-max-tokens-t0.15 - completion_len/min__MIN","w2-alpha64-lr3e-6-2048-max-tokens-t0.15 - completion_len/min__MAX","w2-alpha64-lr3e-6-2048-max-tokens-r4 - completion_len/min","w2-alpha64-lr3e-6-2048-max-tokens-r4 - completion_len/min__MIN","w2-alpha64-lr3e-6-2048-max-tokens-r4 - completion_len/min__MAX"
"1","402.0","402.0","402.0","359.375","359.375","359.375","349.0","349.0","349.0","402.125","402.125","402.125","411.875","411.875","411.875","394.75","394.75","394.75","466.0625","466.0625","466.0625","389.5","389.5","389.5","529.875","529.875","529.875","463.375","463.375","463.375","381.125","381.125","381.125","397.5","397.5","397.5"
"2","452.875","452.875","452.875","450.625","450.625","450.625","392.375","392.375","392.375","411.125","411.125","411.125","404.5","404.5","404.5","417.375","417.375","417.375","429.875","429.875","429.875","438.125","438.125","438.125","449.75","449.75","449.75","395.875","395.875","395.875","458.875","458.875","458.875","362.75","362.75","362.75"
"3","398.5","398.5","398.5","420.125","420.125","420.125","388.75","388.75","388.75","445.0","445.0","445.0","449.25","449.25","449.25","417.0","417.0","417.0","447.125","447.125","447.125","443.375","443.375","443.375","450.5","450.5","450.5","456.25","456.25","456.25","439.5","439.5","439.5","341.0","341.0","341.0"
"4","410.75","410.75","410.75","433.5","433.5","433.5","396.25","396.25","396.25","392.375","392.375","392.375","349.875","349.875","349.875","436.125","436.125","436.125","394.8125","394.8125","394.8125","451.625","451.625","451.625","461.125","461.125","461.125","505.0","505.0","505.0","347.875","347.875","347.875","356.5","356.5","356.5"
"5","381.125","381.125","381.125","424.5","424.5","424.5","414.125","414.125","414.125","429.875","429.875","429.875","410.75","410.75","410.75","417.25","417.25","417.25","481.75","481.75","481.75","410.125","410.125","410.125","509.625","509.625","509.625","341.75","341.75","341.75","373.625","373.625","373.625","421.75","421.75","421.75"
"6","426.875","426.875","426.875","424.5","424.5","424.5","380.0","380.0","380.0","407.75","407.75","407.75","398.125","398.125","398.125","416.375","416.375","416.375","408.8125","408.8125","408.8125","370.875","370.875","370.875","454.875","454.875","454.875","494.625","494.625","494.625","646.875","646.875","646.875","422.75","422.75","422.75"
"7","366.125","366.125","366.125","398.625","398.625","398.625","382.875","382.875","382.875","426.125","426.125","426.125","301.375","301.375","301.375","408.75","408.75","408.75","397.4375","397.4375","397.4375","359.375","359.375","359.375","478.0","478.0","478.0","434.5","434.5","434.5","362.5","362.5","362.5","420.5","420.5","420.5"
"8","407.125","407.125","407.125","396.375","396.375","396.375","401.25","401.25","401.25","439.25","439.25","439.25","263.375","263.375","263.375","381.75","381.75","381.75","357.0625","357.0625","357.0625","305.875","305.875","305.875","490.75","490.75","490.75","519.5","519.5","519.5","325.5","325.5","325.5","351.0","351.0","351.0"
"9","421.75","421.75","421.75","416.5","416.5","416.5","448.0","448.0","448.0","420.625","420.625","420.625","259.75","259.75","259.75","341.125","341.125","341.125","347.6875","347.6875","347.6875","341.25","341.25","341.25","415.5","415.5","415.5","545.375","545.375","545.375","446.625","446.625","446.625","362.0","362.0","362.0"
"10","394.0","394.0","394.0","370.125","370.125","370.125","382.125","382.125","382.125","298.0","298.0","298.0","234.375","234.375","234.375","307.25","307.25","307.25","340.9375","340.9375","340.9375","301.0","301.0","301.0","517.375","517.375","517.375","369.875","369.875","369.875","468.5","468.5","468.5","287.5","287.5","287.5"
"11","380.125","380.125","380.125","363.75","363.75","363.75","400.25","400.25","400.25","336.0","336.0","336.0","238.0","238.0","238.0","255.625","255.625","255.625","308.5","308.5","308.5","281.25","281.25","281.25","471.25","471.25","471.25","351.25","351.25","351.25","539.875","539.875","539.875","502.25","502.25","502.25"
"12","396.625","396.625","396.625","393.25","393.25","393.25","380.125","380.125","380.125","360.25","360.25","360.25","241.75","241.75","241.75","264.875","264.875","264.875","297.0","297.0","297.0","291.25","291.25","291.25","421.375","421.375","421.375","396.0","396.0","396.0","444.875","444.875","444.875","433.75","433.75","433.75"
"13","420.75","420.75","420.75","369.5","369.5","369.5","382.5","382.5","382.5","346.625","346.625","346.625","219.125","219.125","219.125","233.0","233.0","233.0","303.75","303.75","303.75","278.25","278.25","278.25","420.5","420.5","420.5","318.625","318.625","318.625","502.625","502.625","502.625","386.0","386.0","386.0"
"14","435.5","435.5","435.5","371.625","371.625","371.625","376.0","376.0","376.0","317.625","317.625","317.625","218.0","218.0","218.0","277.875","277.875","277.875","305.8125","305.8125","305.8125","297.125","297.125","297.125","371.25","371.25","371.25","334.625","334.625","334.625","477.375","477.375","477.375","432.75","432.75","432.75"
"15","415.125","415.125","415.125","384.5","384.5","384.5","389.375","389.375","389.375","303.375","303.375","303.375","187.5","187.5","187.5","276.375","276.375","276.375","382.75","382.75","382.75","235.0","235.0","235.0","535.5","535.5","535.5","296.625","296.625","296.625","538.125","538.125","538.125","368.25","368.25","368.25"
"16","444.875","444.875","444.875","331.625","331.625","331.625","345.625","345.625","345.625","278.25","278.25","278.25","172.625","172.625","172.625","264.5","264.5","264.5","281.25","281.25","281.25","251.0","251.0","251.0","430.25","430.25","430.25","304.875","304.875","304.875","575.375","575.375","575.375","358.25","358.25","358.25"
"17","377.875","377.875","377.875","377.625","377.625","377.625","354.625","354.625","354.625","260.5","260.5","260.5","183.0","183.0","183.0","247.625","247.625","247.625","281.1875","281.1875","281.1875","242.0","242.0","242.0","489.75","489.75","489.75","283.75","283.75","283.75","516.375","516.375","516.375","373.75","373.75","373.75"
"18","388.0","388.0","388.0","320.875","320.875","320.875","342.375","342.375","342.375","252.25","252.25","252.25","190.25","190.25","190.25","215.125","215.125","215.125","269.875","269.875","269.875","237.875","237.875","237.875","510.0","510.0","510.0","338.875","338.875","338.875","577.625","577.625","577.625","548.25","548.25","548.25"
"19","393.5","393.5","393.5","353.0","353.0","353.0","311.125","311.125","311.125","278.25","278.25","278.25","167.0","167.0","167.0","229.625","229.625","229.625","237.875","237.875","237.875","231.5","231.5","231.5","478.875","478.875","478.875","255.5","255.5","255.5","439.75","439.75","439.75","330.75","330.75","330.75"
"20","411.5","411.5","411.5","274.875","274.875","274.875","326.625","326.625","326.625","263.0","263.0","263.0","160.375","160.375","160.375","234.875","234.875","234.875","247.3125","247.3125","247.3125","241.25","241.25","241.25","447.875","447.875","447.875","306.5","306.5","306.5","578.875","578.875","578.875","392.75","392.75","392.75"
"21","396.125","396.125","396.125","277.0","277.0","277.0","356.125","356.125","356.125","262.625","262.625","262.625","134.625","134.625","134.625","215.25","215.25","215.25","276.5","276.5","276.5","208.375","208.375","208.375","470.5","470.5","470.5","278.625","278.625","278.625","541.625","541.625","541.625","529.0","529.0","529.0"
"22","416.0","416.0","416.0","301.75","301.75","301.75","377.125","377.125","377.125","245.625","245.625","245.625","161.875","161.875","161.875","226.875","226.875","226.875","280.125","280.125","280.125","220.625","220.625","220.625","405.75","405.75","405.75","276.5","276.5","276.5","479.5","479.5","479.5","479.75","479.75","479.75"
"23","396.625","396.625","396.625","271.5","271.5","271.5","283.25","283.25","283.25","267.75","267.75","267.75","145.5","145.5","145.5","199.125","199.125","199.125","312.625","312.625","312.625","241.0","241.0","241.0","585.75","585.75","585.75","280.75","280.75","280.75","564.375","564.375","564.375","512.75","512.75","512.75"
"24","411.375","411.375","411.375","265.0","265.0","265.0","355.125","355.125","355.125","256.25","256.25","256.25","144.5","144.5","144.5","218.75","218.75","218.75","274.1875","274.1875","274.1875","211.75","211.75","211.75","470.875","470.875","470.875","268.125","268.125","268.125","533.875","533.875","533.875","463.25","463.25","463.25"
"25","435.25","435.25","435.25","278.375","278.375","278.375","318.75","318.75","318.75","247.0","247.0","247.0","139.875","139.875","139.875","217.75","217.75","217.75","244.4375","244.4375","244.4375","221.625","221.625","221.625","443.625","443.625","443.625","279.875","279.875","279.875","484.0","484.0","484.0","488.25","488.25","488.25"
"26","427.125","427.125","427.125","288.25","288.25","288.25","344.875","344.875","344.875","227.125","227.125","227.125","131.375","131.375","131.375","230.625","230.625","230.625","284.25","284.25","284.25","219.375","219.375","219.375","508.625","508.625","508.625","270.75","270.75","270.75","505.75","505.75","505.75","426.5","426.5","426.5"
"27","348.625","348.625","348.625","289.75","289.75","289.75","287.625","287.625","287.625","261.25","261.25","261.25","128.375","128.375","128.375","222.875","222.875","222.875","276.0625","276.0625","276.0625","238.0","238.0","238.0","460.25","460.25","460.25","260.25","260.25","260.25","562.625","562.625","562.625","446.25","446.25","446.25"
"28","384.5","384.5","384.5","319.5","319.5","319.5","291.375","291.375","291.375","238.375","238.375","238.375","122.875","122.875","122.875","209.0","209.0","209.0","309.5625","309.5625","309.5625","220.375","220.375","220.375","416.75","416.75","416.75","259.125","259.125","259.125","438.75","438.75","438.75","395.0","395.0","395.0"
"29","396.25","396.25","396.25","289.25","289.25","289.25","343.875","343.875","343.875","244.625","244.625","244.625","131.125","131.125","131.125","203.625","203.625","203.625","275.4375","275.4375","275.4375","202.875","202.875","202.875","407.375","407.375","407.375","250.25","250.25","250.25","519.875","519.875","519.875","444.75","444.75","444.75"
"30","423.375","423.375","423.375","290.875","290.875","290.875","314.75","314.75","314.75","227.75","227.75","227.75","114.125","114.125","114.125","241.125","241.125","241.125","237.5","237.5","237.5","193.125","193.125","193.125","525.125","525.125","525.125","281.875","281.875","281.875","461.75","461.75","461.75","478.25","478.25","478.25"
"32","390.5","390.5","390.5","250.375","250.375","250.375","265.125","265.125","265.125","237.375","237.375","237.375","126.875","126.875","126.875","213.75","213.75","213.75","271.5625","271.5625","271.5625","219.25","219.25","219.25","512.75","512.75","512.75","252.5","252.5","252.5","531.625","531.625","531.625","453.25","453.25","453.25"
"33","400.75","400.75","400.75","255.75","255.75","255.75","315.375","315.375","315.375","220.75","220.75","220.75","130.375","130.375","130.375","207.75","207.75","207.75","201.1875","201.1875","201.1875","195.5","195.5","195.5","553.0","553.0","553.0","258.875","258.875","258.875","530.5","530.5","530.5","475.25","475.25","475.25"
"34","329.25","329.25","329.25","241.5","241.5","241.5","291.875","291.875","291.875","225.5","225.5","225.5","119.375","119.375","119.375","185.625","185.625","185.625","234.0","234.0","234.0","208.75","208.75","208.75","451.75","451.75","451.75","260.5","260.5","260.5","531.125","531.125","531.125","434.25","434.25","434.25"
"35","373.375","373.375","373.375","290.375","290.375","290.375","299.125","299.125","299.125","244.875","244.875","244.875","122.25","122.25","122.25","200.125","200.125","200.125","269.9375","269.9375","269.9375","196.875","196.875","196.875","476.0","476.0","476.0","257.75","257.75","257.75","465.0","465.0","465.0","427.5","427.5","427.5"
"36","359.625","359.625","359.625","262.75","262.75","262.75","308.5","308.5","308.5","242.875","242.875","242.875","120.75","120.75","120.75","218.125","218.125","218.125","250.875","250.875","250.875","202.5","202.5","202.5","590.375","590.375","590.375","239.625","239.625","239.625","520.25","520.25","520.25","463.25","463.25","463.25"
"37","364.625","364.625","364.625","277.5","277.5","277.5","259.0","259.0","259.0","255.125","255.125","255.125","117.0","117.0","117.0","198.375","198.375","198.375","229.375","229.375","229.375","169.875","169.875","169.875","552.75","552.75","552.75","272.0","272.0","272.0","467.5","467.5","467.5","409.25","409.25","409.25"
"38","369.875","369.875","369.875","269.25","269.25","269.25","301.0","301.0","301.0","249.75","249.75","249.75","109.125","109.125","109.125","206.625","206.625","206.625","232.375","232.375","232.375","187.25","187.25","187.25","484.625","484.625","484.625","231.75","231.75","231.75","615.0","615.0","615.0","382.0","382.0","382.0"
"39","331.625","331.625","331.625","255.375","255.375","255.375","260.5","260.5","260.5","197.375","197.375","197.375","124.625","124.625","124.625","215.375","215.375","215.375","232.125","232.125","232.125","178.125","178.125","178.125","585.125","585.125","585.125","263.0","263.0","263.0","570.75","570.75","570.75","356.75","356.75","356.75"
"40","395.875","395.875","395.875","265.0","265.0","265.0","292.75","292.75","292.75","217.375","217.375","217.375","128.25","128.25","128.25","186.0","186.0","186.0","269.5","269.5","269.5","168.375","168.375","168.375","509.75","509.75","509.75","270.0","270.0","270.0","516.125","516.125","516.125","353.5","353.5","353.5"
"41","343.375","343.375","343.375","256.5","256.5","256.5","286.875","286.875","286.875","241.625","241.625","241.625","122.875","122.875","122.875","188.625","188.625","188.625","298.0","298.0","298.0","208.625","208.625","208.625","492.375","492.375","492.375","249.625","249.625","249.625","485.875","485.875","485.875","307.5","307.5","307.5"
"42","422.5","422.5","422.5","249.625","249.625","249.625","276.0","276.0","276.0","214.25","214.25","214.25","108.0","108.0","108.0","187.25","187.25","187.25","216.4375","216.4375","216.4375","192.125","192.125","192.125","454.5","454.5","454.5","243.25","243.25","243.25","502.625","502.625","502.625","328.25","328.25","328.25"
"43","342.125","342.125","342.125","251.0","251.0","251.0","286.0","286.0","286.0","209.0","209.0","209.0","103.125","103.125","103.125","199.75","199.75","199.75","226.0","226.0","226.0","180.375","180.375","180.375","500.25","500.25","500.25","243.25","243.25","243.25","474.5","474.5","474.5","420.0","420.0","420.0"
"44","386.375","386.375","386.375","256.9375","256.9375","256.9375","296.75","296.75","296.75","232.0","232.0","232.0","94.25","94.25","94.25","191.25","191.25","191.25","273.75","273.75","273.75","148.5","148.5","148.5","484.5","484.5","484.5","244.375","244.375","244.375","448.375","448.375","448.375","352.75","352.75","352.75"
"45","359.375","359.375","359.375","269.125","269.125","269.125","282.375","282.375","282.375","214.375","214.375","214.375","115.25","115.25","115.25","193.75","193.75","193.75","266.9375","266.9375","266.9375","156.375","156.375","156.375","447.25","447.25","447.25","250.375","250.375","250.375","541.875","541.875","541.875","388.5","388.5","388.5"
"46","364.625","364.625","364.625","243.375","243.375","243.375","287.375","287.375","287.375","229.625","229.625","229.625","118.625","118.625","118.625","199.25","199.25","199.25","229.125","229.125","229.125","192.625","192.625","192.625","436.875","436.875","436.875","261.625","261.625","261.625","570.0","570.0","570.0","331.5","331.5","331.5"
"47","314.25","314.25","314.25","239.25","239.25","239.25","267.875","267.875","267.875","236.5","236.5","236.5","117.875","117.875","117.875","204.125","204.125","204.125","199.8125","199.8125","199.8125","185.625","185.625","185.625","462.125","462.125","462.125","255.125","255.125","255.125","528.625","528.625","528.625","371.25","371.25","371.25"
"48","353.625","353.625","353.625","247.5","247.5","247.5","273.125","273.125","273.125","238.375","238.375","238.375","119.0","119.0","119.0","219.25","219.25","219.25","291.8125","291.8125","291.8125","170.125","170.125","170.125","567.5","567.5","567.5","250.375","250.375","250.375","505.75","505.75","505.75","365.25","365.25","365.25"
"49","380.625","380.625","380.625","268.5","268.5","268.5","297.625","297.625","297.625","236.0","236.0","236.0","100.25","100.25","100.25","196.5","196.5","196.5","237.75","237.75","237.75","172.25","172.25","172.25","540.125","540.125","540.125","242.625","242.625","242.625","531.375","531.375","531.375","389.5","389.5","389.5"
"50","351.875","351.875","351.875","242.75","242.75","242.75","265.375","265.375","265.375","230.875","230.875","230.875","109.5","109.5","109.5","195.875","195.875","195.875","268.0","268.0","268.0","194.75","194.75","194.75","465.875","465.875","465.875","242.625","242.625","242.625","543.0","543.0","543.0","382.25","382.25","382.25"
"51","316.625","316.625","316.625","251.375","251.375","251.375","252.125","252.125","252.125","251.625","251.625","251.625","67.375","67.375","67.375","194.625","194.625","194.625","248.5625","248.5625","248.5625","190.5","190.5","190.5","477.25","477.25","477.25","252.875","252.875","252.875","529.875","529.875","529.875","398.25","398.25","398.25"
"52","325.875","325.875","325.875","273.375","273.375","273.375","272.25","272.25","272.25","216.625","216.625","216.625","67.25","67.25","67.25","194.125","194.125","194.125","242.3125","242.3125","242.3125","191.125","191.125","191.125","580.625","580.625","580.625","247.5","247.5","247.5","561.375","561.375","561.375","330.25","330.25","330.25"
"53","305.25","305.25","305.25","237.0","237.0","237.0","255.25","255.25","255.25","203.25","203.25","203.25","66.375","66.375","66.375","188.625","188.625","188.625","236.375","236.375","236.375","193.625","193.625","193.625","414.0","414.0","414.0","255.5","255.5","255.5","479.0","479.0","479.0","398.0","398.0","398.0"
"54","337.125","337.125","337.125","236.125","236.125","236.125","277.625","277.625","277.625","197.25","197.25","197.25","59.625","59.625","59.625","190.25","190.25","190.25","205.6875","205.6875","205.6875","206.625","206.625","206.625","428.0","428.0","428.0","247.75","247.75","247.75","616.125","616.125","616.125","373.25","373.25","373.25"
"55","338.5","338.5","338.5","244.875","244.875","244.875","254.25","254.25","254.25","229.25","229.25","229.25","68.25","68.25","68.25","187.625","187.625","187.625","199.1875","199.1875","199.1875","193.0","193.0","193.0","424.625","424.625","424.625","257.25","257.25","257.25","530.375","530.375","530.375","358.25","358.25","358.25"
"56","333.625","333.625","333.625","227.875","227.875","227.875","264.125","264.125","264.125","207.75","207.75","207.75","63.625","63.625","63.625","203.0","203.0","203.0","243.3125","243.3125","243.3125","180.375","180.375","180.375","518.625","518.625","518.625","235.625","235.625","235.625","534.875","534.875","534.875","367.25","367.25","367.25"
"58","338.875","338.875","338.875","233.375","233.375","233.375","240.5","240.5","240.5","195.625","195.625","195.625","48.875","48.875","48.875","177.5","177.5","177.5","218.4375","218.4375","218.4375","175.25","175.25","175.25","460.875","460.875","460.875","258.0","258.0","258.0","518.625","518.625","518.625","385.0","385.0","385.0"
"59","311.625","311.625","311.625","219.375","219.375","219.375","272.375","272.375","272.375","227.125","227.125","227.125","55.5","55.5","55.5","176.875","176.875","176.875","210.5","210.5","210.5","161.375","161.375","161.375","451.125","451.125","451.125","233.875","233.875","233.875","585.125","585.125","585.125","347.75","347.75","347.75"
"60","317.75","317.75","317.75","220.0625","220.0625","220.0625","253.25","253.25","253.25","214.125","214.125","214.125","22.125","22.125","22.125","178.375","178.375","178.375","222.625","222.625","222.625","184.5","184.5","184.5","499.5","499.5","499.5","243.375","243.375","243.375","540.0","540.0","540.0","390.25","390.25","390.25"
"61","386.5","386.5","386.5","245.875","245.875","245.875","255.0","255.0","255.0","242.625","242.625","242.625","56.125","56.125","56.125","168.875","168.875","168.875","227.375","227.375","227.375","143.25","143.25","143.25","496.25","496.25","496.25","241.5","241.5","241.5","545.375","545.375","545.375","429.25","429.25","429.25"
"62","377.875","377.875","377.875","228.125","228.125","228.125","283.0","283.0","283.0","223.5","223.5","223.5","49.0","49.0","49.0","170.5","170.5","170.5","213.5","213.5","213.5","165.375","165.375","165.375","483.625","483.625","483.625","238.25","238.25","238.25","450.625","450.625","450.625","353.5","353.5","353.5"
"63","343.5","343.5","343.5","201.625","201.625","201.625","248.625","248.625","248.625","215.75","215.75","215.75","49.25","49.25","49.25","182.875","182.875","182.875","184.4375","184.4375","184.4375","156.75","156.75","156.75","412.5","412.5","412.5","247.375","247.375","247.375","491.375","491.375","491.375","364.0","364.0","364.0"
"64","356.25","356.25","356.25","250.625","250.625","250.625","236.375","236.375","236.375","201.625","201.625","201.625","56.25","56.25","56.25","187.375","187.375","187.375","211.25","211.25","211.25","159.5","159.5","159.5","445.375","445.375","445.375","251.625","251.625","251.625","478.0","478.0","478.0","327.25","327.25","327.25"
"65","378.0","378.0","378.0","243.0","243.0","243.0","252.625","252.625","252.625","200.875","200.875","200.875","46.375","46.375","46.375","166.0","166.0","166.0","222.6875","222.6875","222.6875","161.625","161.625","161.625","457.625","457.625","457.625","239.25","239.25","239.25","614.375","614.375","614.375","339.75","339.75","339.75"
"66","365.5","365.5","365.5","240.0","240.0","240.0","244.5","244.5","244.5","220.75","220.75","220.75","57.625","57.625","57.625","173.875","173.875","173.875","240.75","240.75","240.75","143.125","143.125","143.125","469.625","469.625","469.625","236.75","236.75","236.75","603.0","603.0","603.0","384.5","384.5","384.5"
"67","288.0","288.0","288.0","245.5","245.5","245.5","259.5","259.5","259.5","196.5","196.5","196.5","54.0","54.0","54.0","164.625","164.625","164.625","227.3125","227.3125","227.3125","142.125","142.125","142.125","374.125","374.125","374.125","241.625","241.625","241.625","469.5","469.5","469.5","355.25","355.25","355.25"
"68","317.625","317.625","317.625","237.375","237.375","237.375","275.25","275.25","275.25","221.0","221.0","221.0","51.25","51.25","51.25","162.625","162.625","162.625","211.875","211.875","211.875","120.0","120.0","120.0","457.125","457.125","457.125","243.375","243.375","243.375","445.75","445.75","445.75","315.25","315.25","315.25"
"69","319.125","319.125","319.125","226.0","226.0","226.0","287.5","287.5","287.5","218.75","218.75","218.75","51.375","51.375","51.375","158.0","158.0","158.0","213.375","213.375","213.375","166.25","166.25","166.25","421.0","421.0","421.0","247.0","247.0","247.0","469.125","469.125","469.125","360.75","360.75","360.75"
"70","336.0","336.0","336.0","231.0","231.0","231.0","231.75","231.75","231.75","231.25","231.25","231.25","47.875","47.875","47.875","158.0","158.0","158.0","228.5625","228.5625","228.5625","106.125","106.125","106.125","410.25","410.25","410.25","260.625","260.625","260.625","591.125","591.125","591.125","314.5","314.5","314.5"
"71","341.125","341.125","341.125","241.5","241.5","241.5","215.0","215.0","215.0","","","","51.25","51.25","51.25","161.375","161.375","161.375","201.125","201.125","201.125","142.5","142.5","142.5","403.875","403.875","403.875","242.0","242.0","242.0","442.625","442.625","442.625","341.75","341.75","341.75"
"72","285.375","285.375","285.375","219.875","219.875","219.875","278.75","278.75","278.75","","","","54.5","54.5","54.5","160.625","160.625","160.625","199.125","199.125","199.125","127.625","127.625","127.625","371.25","371.25","371.25","256.875","256.875","256.875","516.5","516.5","516.5","261.25","261.25","261.25"
"73","346.875","346.875","346.875","214.875","214.875","214.875","295.875","295.875","295.875","","","","71.125","71.125","71.125","155.375","155.375","155.375","222.25","222.25","222.25","164.125","164.125","164.125","403.125","403.125","403.125","230.0","230.0","230.0","566.5","566.5","566.5","385.5","385.5","385.5"
"74","315.0","315.0","315.0","239.25","239.25","239.25","295.125","295.125","295.125","","","","64.125","64.125","64.125","149.875","149.875","149.875","206.1875","206.1875","206.1875","144.125","144.125","144.125","427.875","427.875","427.875","238.125","238.125","238.125","393.75","393.75","393.75","368.75","368.75","368.75"
"75","294.75","294.75","294.75","225.125","225.125","225.125","272.75","272.75","272.75","","","","100.875","100.875","100.875","149.75","149.75","149.75","201.5625","201.5625","201.5625","159.25","159.25","159.25","414.5","414.5","414.5","261.625","261.625","261.625","513.875","513.875","513.875","340.25","340.25","340.25"
"76","300.75","300.75","300.75","210.625","210.625","210.625","247.875","247.875","247.875","","","","121.75","121.75","121.75","159.75","159.75","159.75","230.3125","230.3125","230.3125","181.375","181.375","181.375","451.5","451.5","451.5","243.75","243.75","243.75","463.625","463.625","463.625","368.5","368.5","368.5"
"77","326.25","326.25","326.25","212.75","212.75","212.75","264.375","264.375","264.375","","","","512.0","512.0","512.0","162.375","162.375","162.375","213.9375","213.9375","213.9375","138.125","138.125","138.125","450.0","450.0","450.0","236.875","236.875","236.875","482.5","482.5","482.5","381.25","381.25","381.25"
"78","324.5","324.5","324.5","234.75","234.75","234.75","280.625","280.625","280.625","","","","512.0","512.0","512.0","159.125","159.125","159.125","241.6875","241.6875","241.6875","138.125","138.125","138.125","415.875","415.875","415.875","224.125","224.125","224.125","473.875","473.875","473.875","319.25","319.25","319.25"
"79","317.75","317.75","317.75","217.5","217.5","217.5","263.75","263.75","263.75","","","","512.0","512.0","512.0","158.625","158.625","158.625","242.375","242.375","242.375","173.0","173.0","173.0","427.625","427.625","427.625","243.375","243.375","243.375","501.75","501.75","501.75","400.0","400.0","400.0"
"80","326.25","326.25","326.25","211.625","211.625","211.625","266.375","266.375","266.375","","","","512.0","512.0","512.0","157.25","157.25","157.25","215.0","215.0","215.0","155.875","155.875","155.875","397.25","397.25","397.25","222.125","222.125","222.125","367.625","367.625","367.625","340.25","340.25","340.25"
"81","356.625","356.625","356.625","220.375","220.375","220.375","262.25","262.25","262.25","","","","512.0","512.0","512.0","156.75","156.75","156.75","225.125","225.125","225.125","152.875","152.875","152.875","495.75","495.75","495.75","235.625","235.625","235.625","506.125","506.125","506.125","364.75","364.75","364.75"
"82","304.375","304.375","304.375","229.875","229.875","229.875","262.125","262.125","262.125","","","","512.0","512.0","512.0","153.75","153.75","153.75","212.0","212.0","212.0","132.75","132.75","132.75","381.5","381.5","381.5","224.875","224.875","224.875","456.375","456.375","456.375","378.75","378.75","378.75"
"84","339.75","339.75","339.75","212.375","212.375","212.375","247.875","247.875","247.875","","","","","","","174.0","174.0","174.0","290.4375","290.4375","290.4375","166.125","166.125","166.125","376.375","376.375","376.375","240.375","240.375","240.375","531.75","531.75","531.75","365.5","365.5","365.5"
"85","326.375","326.375","326.375","220.5","220.5","220.5","254.75","254.75","254.75","","","","","","","135.25","135.25","135.25","200.5","200.5","200.5","155.125","155.125","155.125","426.75","426.75","426.75","237.875","237.875","237.875","484.875","484.875","484.875","360.5","360.5","360.5"
"86","358.5","358.5","358.5","210.75","210.75","210.75","233.0","233.0","233.0","","","","","","","158.875","158.875","158.875","179.3125","179.3125","179.3125","123.75","123.75","123.75","480.375","480.375","480.375","234.875","234.875","234.875","446.0","446.0","446.0","341.25","341.25","341.25"
"87","301.75","301.75","301.75","217.125","217.125","217.125","228.875","228.875","228.875","","","","","","","146.0","146.0","146.0","218.25","218.25","218.25","121.875","121.875","121.875","350.125","350.125","350.125","265.375","265.375","265.375","472.125","472.125","472.125","400.75","400.75","400.75"
"88","275.875","275.875","275.875","239.0","239.0","239.0","265.5","265.5","265.5","","","","","","","156.125","156.125","156.125","196.625","196.625","196.625","150.375","150.375","150.375","440.25","440.25","440.25","220.25","220.25","220.25","458.75","458.75","458.75","379.0","379.0","379.0"
"89","342.75","342.75","342.75","224.125","224.125","224.125","262.75","262.75","262.75","","","","","","","140.375","140.375","140.375","208.1875","208.1875","208.1875","153.5","153.5","153.5","445.875","445.875","445.875","237.125","237.125","237.125","480.25","480.25","480.25","398.0","398.0","398.0"
"90","358.5","358.5","358.5","189.125","189.125","189.125","257.5","257.5","257.5","","","","","","","152.875","152.875","152.875","187.4375","187.4375","187.4375","133.0","133.0","133.0","428.0","428.0","428.0","252.25","252.25","252.25","464.75","464.75","464.75","370.0","370.0","370.0"
"91","337.875","337.875","337.875","207.875","207.875","207.875","272.25","272.25","272.25","","","","","","","141.25","141.25","141.25","194.1875","194.1875","194.1875","169.25","169.25","169.25","380.5","380.5","380.5","229.25","229.25","229.25","323.25","323.25","323.25","437.0","437.0","437.0"
"92","305.5","305.5","305.5","215.5","215.5","215.5","225.625","225.625","225.625","","","","","","","139.625","139.625","139.625","222.1875","222.1875","222.1875","157.875","157.875","157.875","380.875","380.875","380.875","234.375","234.375","234.375","446.75","446.75","446.75","448.5","448.5","448.5"
"93","344.75","344.75","344.75","223.0","223.0","223.0","256.125","256.125","256.125","","","","","","","164.375","164.375","164.375","201.5625","201.5625","201.5625","124.625","124.625","124.625","438.125","438.125","438.125","256.25","256.25","256.25","422.0","422.0","422.0","355.0","355.0","355.0"
"94","302.625","302.625","302.625","211.25","211.25","211.25","266.0","266.0","266.0","","","","","","","141.25","141.25","141.25","231.25","231.25","231.25","160.375","160.375","160.375","349.5","349.5","349.5","243.375","243.375","243.375","342.5","342.5","342.5","424.0","424.0","424.0"
"95","294.25","294.25","294.25","210.875","210.875","210.875","256.375","256.375","256.375","","","","","","","138.75","138.75","138.75","205.8125","205.8125","205.8125","155.875","155.875","155.875","413.25","413.25","413.25","271.875","271.875","271.875","371.875","371.875","371.875","335.5","335.5","335.5"
"96","301.75","301.75","301.75","233.75","233.75","233.75","256.0","256.0","256.0","","","","","","","141.75","141.75","141.75","213.25","213.25","213.25","146.5","146.5","146.5","394.5","394.5","394.5","229.875","229.875","229.875","401.75","401.75","401.75","417.75","417.75","417.75"
"97","313.625","313.625","313.625","225.875","225.875","225.875","272.5","272.5","272.5","","","","","","","144.5","144.5","144.5","222.3125","222.3125","222.3125","173.625","173.625","173.625","339.875","339.875","339.875","253.0","253.0","253.0","362.75","362.75","362.75","378.25","378.25","378.25"
"98","324.875","324.875","324.875","210.125","210.125","210.125","267.125","267.125","267.125","","","","","","","145.125","145.125","145.125","201.6875","201.6875","201.6875","167.5","167.5","167.5","370.125","370.125","370.125","216.875","216.875","216.875","333.25","333.25","333.25","383.5","383.5","383.5"
"99","287.875","287.875","287.875","205.25","205.25","205.25","227.875","227.875","227.875","","","","","","","131.625","131.625","131.625","214.0","214.0","214.0","181.75","181.75","181.75","351.75","351.75","351.75","246.875","246.875","246.875","390.875","390.875","390.875","414.25","414.25","414.25"
"100","350.25","350.25","350.25","227.125","227.125","227.125","237.125","237.125","237.125","","","","","","","132.625","132.625","132.625","193.9375","193.9375","193.9375","187.75","187.75","187.75","419.875","419.875","419.875","245.875","245.875","245.875","375.75","375.75","375.75","407.0","407.0","407.0"