"Step","w1-baseline-fast - metrics/reasoning_reward","w1-baseline-fast - metrics/reasoning_reward__MIN","w1-baseline-fast - metrics/reasoning_reward__MAX","w1-alpha64-baseline - metrics/reasoning_reward","w1-alpha64-baseline - metrics/reasoning_reward__MIN","w1-alpha64-baseline - metrics/reasoning_reward__MAX","w1-alpha32-baseline - metrics/reasoning_reward","w1-alpha32-baseline - metrics/reasoning_reward__MIN","w1-alpha32-baseline - metrics/reasoning_reward__MAX","w1-alpha128-baseline - metrics/reasoning_reward","w1-alpha128-baseline - metrics/reasoning_reward__MIN","w1-alpha128-baseline - metrics/reasoning_reward__MAX","w1-alpha64-lr1e-5 - metrics/reasoning_reward","w1-alpha64-lr1e-5 - metrics/reasoning_reward__MIN","w1-alpha64-lr1e-5 - metrics/reasoning_reward__MAX","w1-alpha64-lr3e-6 - metrics/reasoning_reward","w1-alpha64-lr3e-6 - metrics/reasoning_reward__MIN","w1-alpha64-lr3e-6 - metrics/reasoning_reward__MAX","w1-alpha64-lr3e-6-b64-r16 - metrics/reasoning_reward","w1-alpha64-lr3e-6-b64-r16 - metrics/reasoning_reward__MIN","w1-alpha64-lr3e-6-b64-r16 - metrics/reasoning_reward__MAX","w1-alpha64-lr5e-6 - metrics/reasoning_reward","w1-alpha64-lr5e-6 - metrics/reasoning_reward__MIN","w1-alpha64-lr5e-6 - metrics/reasoning_reward__MAX","w1-alpha64-lr3e-6-2048-max-tokens - metrics/reasoning_reward","w1-alpha64-lr3e-6-2048-max-tokens - metrics/reasoning_reward__MIN","w1-alpha64-lr3e-6-2048-max-tokens - metrics/reasoning_reward__MAX","w1-alpha64-lr3e-6-1024-max-tokens - metrics/reasoning_reward","w1-alpha64-lr3e-6-1024-max-tokens - metrics/reasoning_reward__MIN","w1-alpha64-lr3e-6-1024-max-tokens - metrics/reasoning_reward__MAX","w2-alpha64-lr3e-6-2048-max-tokens-t0.15 - metrics/reasoning_reward","w2-alpha64-lr3e-6-2048-max-tokens-t0.15 - metrics/reasoning_reward__MIN","w2-alpha64-lr3e-6-2048-max-tokens-t0.15 - metrics/reasoning_reward__MAX","w2-alpha64-lr3e-6-2048-max-tokens-r4 - metrics/reasoning_reward","w2-alpha64-lr3e-6-2048-max-tokens-r4 - metrics/reasoning_reward__MIN","w2-alpha64-lr3e-6-2048-max-tokens-r4 - metrics/reasoning_reward__MAX"
"1","0.675390625","0.675390625","0.675390625","0.666796875","0.666796875","0.666796875","0.6515625","0.6515625","0.6515625","0.668359375","0.668359375","0.668359375","0.6431640625","0.6431640625","0.6431640625","0.6218750000000001","0.6218750000000001","0.6218750000000001","0.683984375","0.683984375","0.683984375","0.6458984375000001","0.6458984375000001","0.6458984375000001","0.8656250000000002","0.8656250000000002","0.8656250000000002","0.8140625","0.8140625","0.8140625","0.8730468750000002","0.8730468750000002","0.8730468750000002","0.8707031250000001","0.8707031250000001","0.8707031250000001"
"2","0.6275390625","0.6275390625","0.6275390625","0.6275390625","0.6275390625","0.6275390625","0.688671875","0.688671875","0.688671875","0.7125","0.7125","0.7125","0.6498046875","0.6498046875","0.6498046875","0.70546875","0.70546875","0.70546875","0.675390625","0.675390625","0.675390625","0.6484375","0.6484375","0.6484375","0.8605468750000002","0.8605468750000002","0.8605468750000002","0.7580078125","0.7580078125","0.7580078125","0.8716796875000001","0.8716796875000001","0.8716796875000001","0.8519531250000001","0.8519531250000001","0.8519531250000001"
"3","0.6533203125","0.6533203125","0.6533203125","0.6451171874999999","0.6451171874999999","0.6451171874999999","0.7177734375","0.7177734375","0.7177734375","0.690625","0.690625","0.690625","0.6166015625","0.6166015625","0.6166015625","0.691015625","0.691015625","0.691015625","0.710546875","0.710546875","0.710546875","0.6826171875","0.6826171875","0.6826171875","0.8763671875000001","0.8763671875000001","0.8763671875000001","0.8347656250000001","0.8347656250000001","0.8347656250000001","0.8705078125000001","0.8705078125000001","0.8705078125000001","0.8640625000000002","0.8640625000000002","0.8640625000000002"
"4","0.6533203125","0.6533203125","0.6533203125","0.6494140625","0.6494140625","0.6494140625","0.6662109375","0.6662109375","0.6662109375","0.704296875","0.704296875","0.704296875","0.7371093750000001","0.7371093750000001","0.7371093750000001","0.6921875","0.6921875","0.6921875","0.596875","0.596875","0.596875","0.6531250000000001","0.6531250000000001","0.6531250000000001","0.8539062500000002","0.8539062500000002","0.8539062500000002","0.8390625000000002","0.8390625000000002","0.8390625000000002","0.8593750000000002","0.8593750000000002","0.8593750000000002","0.8685546875000001","0.8685546875000001","0.8685546875000001"
"5","0.6871093749999999","0.6871093749999999","0.6871093749999999","0.6947265625","0.6947265625","0.6947265625","0.6154296875","0.6154296875","0.6154296875","0.6517578125","0.6517578125","0.6517578125","0.705078125","0.705078125","0.705078125","0.6771484375000001","0.6771484375000001","0.6771484375000001","0.57109375","0.57109375","0.57109375","0.7216796875","0.7216796875","0.7216796875","0.8818359375000002","0.8818359375000002","0.8818359375000002","0.8351562500000002","0.8351562500000002","0.8351562500000002","0.8751953125000002","0.8751953125000002","0.8751953125000002","0.8496093750000001","0.8496093750000001","0.8496093750000001"
"6","0.6787109375","0.6787109375","0.6787109375","0.6658203125000001","0.6658203125000001","0.6658203125000001","0.6125","0.6125","0.6125","0.673046875","0.673046875","0.673046875","0.6980468750000001","0.6980468750000001","0.6980468750000001","0.6462890625","0.6462890625","0.6462890625","0.69453125","0.69453125","0.69453125","0.6742187500000001","0.6742187500000001","0.6742187500000001","0.8611328125000002","0.8611328125000002","0.8611328125000002","0.81953125","0.81953125","0.81953125","0.8773437500000001","0.8773437500000001","0.8773437500000001","0.8640625000000002","0.8640625000000002","0.8640625000000002"
"7","0.6765625000000001","0.6765625000000001","0.6765625000000001","0.6781250000000001","0.6781250000000001","0.6781250000000001","0.6982421875","0.6982421875","0.6982421875","0.6884765625","0.6884765625","0.6884765625","0.7625","0.7625","0.7625","0.6759765625","0.6759765625","0.6759765625","0.733203125","0.733203125","0.733203125","0.72578125","0.72578125","0.72578125","0.8656250000000001","0.8656250000000001","0.8656250000000001","0.8033203125000001","0.8033203125000001","0.8033203125000001","0.8773437500000001","0.8773437500000001","0.8773437500000001","0.8675781250000001","0.8675781250000001","0.8675781250000001"
"8","0.6916015625","0.6916015625","0.6916015625","0.671875","0.671875","0.671875","0.6857421875","0.6857421875","0.6857421875","0.730859375","0.730859375","0.730859375","0.6392578124999999","0.6392578124999999","0.6392578124999999","0.694140625","0.694140625","0.694140625","0.69140625","0.69140625","0.69140625","0.769140625","0.769140625","0.769140625","0.8789062500000002","0.8789062500000002","0.8789062500000002","0.8011718750000001","0.8011718750000001","0.8011718750000001","0.8810546875000002","0.8810546875000002","0.8810546875000002","0.8734375000000002","0.8734375000000002","0.8734375000000002"
"9","0.6771484375","0.6771484375","0.6771484375","0.642578125","0.642578125","0.642578125","0.6763671875","0.6763671875","0.6763671875","0.6921875","0.6921875","0.6921875","0.7369140625","0.7369140625","0.7369140625","0.7412109375","0.7412109375","0.7412109375","0.7320312499999999","0.7320312499999999","0.7320312499999999","0.7183593750000001","0.7183593750000001","0.7183593750000001","0.8525390625000002","0.8525390625000002","0.8525390625000002","0.8132812500000002","0.8132812500000002","0.8132812500000002","0.8939453125000002","0.8939453125000002","0.8939453125000002","0.8554687500000002","0.8554687500000002","0.8554687500000002"
"10","0.6724609374999999","0.6724609374999999","0.6724609374999999","0.6585937500000001","0.6585937500000001","0.6585937500000001","0.7390625000000001","0.7390625000000001","0.7390625000000001","0.6798828125","0.6798828125","0.6798828125","0.7068359375","0.7068359375","0.7068359375","0.6736328125","0.6736328125","0.6736328125","0.759765625","0.759765625","0.759765625","0.7085937499999999","0.7085937499999999","0.7085937499999999","0.8798828125000001","0.8798828125000001","0.8798828125000001","0.8441406250000002","0.8441406250000002","0.8441406250000002","0.8929687500000002","0.8929687500000002","0.8929687500000002","0.8748046875000002","0.8748046875000002","0.8748046875000002"
"11","0.658203125","0.658203125","0.658203125","0.6974609375","0.6974609375","0.6974609375","0.7365234375","0.7365234375","0.7365234375","0.7083984375000001","0.7083984375000001","0.7083984375000001","0.69296875","0.69296875","0.69296875","0.708984375","0.708984375","0.708984375","0.7699218750000001","0.7699218750000001","0.7699218750000001","0.77578125","0.77578125","0.77578125","0.8593750000000002","0.8593750000000002","0.8593750000000002","0.8232421875000001","0.8232421875000001","0.8232421875000001","0.8783203125000002","0.8783203125000002","0.8783203125000002","0.8693359375000002","0.8693359375000002","0.8693359375000002"
"12","0.6689453125","0.6689453125","0.6689453125","0.67265625","0.67265625","0.67265625","0.6763671875","0.6763671875","0.6763671875","0.73203125","0.73203125","0.73203125","0.7400390625","0.7400390625","0.7400390625","0.752734375","0.752734375","0.752734375","0.8230468750000001","0.8230468750000001","0.8230468750000001","0.7195312500000001","0.7195312500000001","0.7195312500000001","0.8791015625000003","0.8791015625000003","0.8791015625000003","0.8240234375000002","0.8240234375000002","0.8240234375000002","0.8863281250000002","0.8863281250000002","0.8863281250000002","0.8761718750000002","0.8761718750000002","0.8761718750000002"
"13","0.6937500000000001","0.6937500000000001","0.6937500000000001","0.6623046875","0.6623046875","0.6623046875","0.6791015625000001","0.6791015625000001","0.6791015625000001","0.698828125","0.698828125","0.698828125","0.675","0.675","0.675","0.7736328125","0.7736328125","0.7736328125","0.5921875","0.5921875","0.5921875","0.7123046875000001","0.7123046875000001","0.7123046875000001","0.8642578125000001","0.8642578125000001","0.8642578125000001","0.8298828125000002","0.8298828125000002","0.8298828125000002","0.8722656250000002","0.8722656250000002","0.8722656250000002","0.8791015625000002","0.8791015625000002","0.8791015625000002"
"14","0.6634765625000001","0.6634765625000001","0.6634765625000001","0.7275390625","0.7275390625","0.7275390625","0.6447265625","0.6447265625","0.6447265625","0.6927734375","0.6927734375","0.6927734375","0.6806640625","0.6806640625","0.6806640625","0.752734375","0.752734375","0.752734375","0.66015625","0.66015625","0.66015625","0.70078125","0.70078125","0.70078125","0.8802734375000001","0.8802734375000001","0.8802734375000001","0.7587890625","0.7587890625","0.7587890625","0.8857421875000002","0.8857421875000002","0.8857421875000002","0.8705078125000001","0.8705078125000001","0.8705078125000001"
"15","0.6890625","0.6890625","0.6890625","0.73828125","0.73828125","0.73828125","0.7212890625000001","0.7212890625000001","0.7212890625000001","0.7312500000000001","0.7312500000000001","0.7312500000000001","0.6349609375","0.6349609375","0.6349609375","0.728515625","0.728515625","0.728515625","0.6328125","0.6328125","0.6328125","0.761328125","0.761328125","0.761328125","0.8695312500000001","0.8695312500000001","0.8695312500000001","0.8212890625000001","0.8212890625000001","0.8212890625000001","0.8841796875000002","0.8841796875000002","0.8841796875000002","0.8640625000000002","0.8640625000000002","0.8640625000000002"
"16","0.6373046874999999","0.6373046874999999","0.6373046874999999","0.6806640625","0.6806640625","0.6806640625","0.6806640625","0.6806640625","0.6806640625","0.7298828125","0.7298828125","0.7298828125","0.692578125","0.692578125","0.692578125","0.7007812500000001","0.7007812500000001","0.7007812500000001","0.7656249999999999","0.7656249999999999","0.7656249999999999","0.6855468749999999","0.6855468749999999","0.6855468749999999","0.8640625000000002","0.8640625000000002","0.8640625000000002","0.8015625000000001","0.8015625000000001","0.8015625000000001","0.8824218750000002","0.8824218750000002","0.8824218750000002","0.8732421875000002","0.8732421875000002","0.8732421875000002"
"17","0.75","0.75","0.75","0.6869140624999999","0.6869140624999999","0.6869140624999999","0.675","0.675","0.675","0.715234375","0.715234375","0.715234375","0.6833984375","0.6833984375","0.6833984375","0.6957031250000001","0.6957031250000001","0.6957031250000001","0.698046875","0.698046875","0.698046875","0.7212890625","0.7212890625","0.7212890625","0.8712890625000002","0.8712890625000002","0.8712890625000002","0.7625000000000001","0.7625000000000001","0.7625000000000001","0.8812500000000002","0.8812500000000002","0.8812500000000002","0.8552734375000002","0.8552734375000002","0.8552734375000002"
"18","0.6591796875","0.6591796875","0.6591796875","0.6701171875","0.6701171875","0.6701171875","0.6337890625","0.6337890625","0.6337890625","0.7009765625","0.7009765625","0.7009765625","0.6869140625","0.6869140625","0.6869140625","0.7501953125","0.7501953125","0.7501953125","0.716015625","0.716015625","0.716015625","0.716015625","0.716015625","0.716015625","0.8736328125000001","0.8736328125000001","0.8736328125000001","0.7828125000000001","0.7828125000000001","0.7828125000000001","0.8792968750000002","0.8792968750000002","0.8792968750000002","0.8830078125000003","0.8830078125000003","0.8830078125000003"
"19","0.6625000000000001","0.6625000000000001","0.6625000000000001","0.6671874999999999","0.6671874999999999","0.6671874999999999","0.6625","0.6625","0.6625","0.682421875","0.682421875","0.682421875","0.6865234375","0.6865234375","0.6865234375","0.71484375","0.71484375","0.71484375","0.5929687499999999","0.5929687499999999","0.5929687499999999","0.7242187499999999","0.7242187499999999","0.7242187499999999","0.8875000000000002","0.8875000000000002","0.8875000000000002","0.8064453125","0.8064453125","0.8064453125","0.8798828125000002","0.8798828125000002","0.8798828125000002","0.8648437500000001","0.8648437500000001","0.8648437500000001"
"20","0.652734375","0.652734375","0.652734375","0.721484375","0.721484375","0.721484375","0.6646484374999999","0.6646484374999999","0.6646484374999999","0.7130859375","0.7130859375","0.7130859375","0.6937500000000001","0.6937500000000001","0.6937500000000001","0.741015625","0.741015625","0.741015625","0.686328125","0.686328125","0.686328125","0.70859375","0.70859375","0.70859375","0.8802734375000001","0.8802734375000001","0.8802734375000001","0.8378906250000001","0.8378906250000001","0.8378906250000001","0.8880859375000002","0.8880859375000002","0.8880859375000002","0.8742187500000002","0.8742187500000002","0.8742187500000002"
"21","0.688671875","0.688671875","0.688671875","0.7224609375","0.7224609375","0.7224609375","0.6951171875","0.6951171875","0.6951171875","0.714453125","0.714453125","0.714453125","0.6767578125","0.6767578125","0.6767578125","0.68515625","0.68515625","0.68515625","0.7550781249999999","0.7550781249999999","0.7550781249999999","0.7476562499999999","0.7476562499999999","0.7476562499999999","0.87421875","0.87421875","0.87421875","0.7845703125","0.7845703125","0.7845703125","0.8761718750000003","0.8761718750000003","0.8761718750000003","0.86640625","0.86640625","0.86640625"
"22","0.6433593750000001","0.6433593750000001","0.6433593750000001","0.7095703125","0.7095703125","0.7095703125","0.6556640625000001","0.6556640625000001","0.6556640625000001","0.656640625","0.656640625","0.656640625","0.7037109375","0.7037109375","0.7037109375","0.71328125","0.71328125","0.71328125","0.696875","0.696875","0.696875","0.6802734375","0.6802734375","0.6802734375","0.8783203125000001","0.8783203125000001","0.8783203125000001","0.8037109375000001","0.8037109375000001","0.8037109375000001","0.8896484375000002","0.8896484375000002","0.8896484375000002","0.8603515625000002","0.8603515625000002","0.8603515625000002"
"23","0.6791015625000001","0.6791015625000001","0.6791015625000001","0.7576171875000001","0.7576171875000001","0.7576171875000001","0.694140625","0.694140625","0.694140625","0.7365234375","0.7365234375","0.7365234375","0.7248046875","0.7248046875","0.7248046875","0.7251953124999999","0.7251953124999999","0.7251953124999999","0.72421875","0.72421875","0.72421875","0.7457031250000001","0.7457031250000001","0.7457031250000001","0.8927734375000002","0.8927734375000002","0.8927734375000002","0.7849609375000001","0.7849609375000001","0.7849609375000001","0.8884765625000002","0.8884765625000002","0.8884765625000002","0.8832031250000001","0.8832031250000001","0.8832031250000001"
"24","0.7105468750000001","0.7105468750000001","0.7105468750000001","0.7478515625","0.7478515625","0.7478515625","0.7509765625000001","0.7509765625000001","0.7509765625000001","0.685546875","0.685546875","0.685546875","0.6626953124999999","0.6626953124999999","0.6626953124999999","0.7263671875","0.7263671875","0.7263671875","0.783984375","0.783984375","0.783984375","0.7400390625","0.7400390625","0.7400390625","0.8652343750000001","0.8652343750000001","0.8652343750000001","0.801953125","0.801953125","0.801953125","0.8892578125000001","0.8892578125000001","0.8892578125000001","0.8808593750000002","0.8808593750000002","0.8808593750000002"
"25","0.6474609375","0.6474609375","0.6474609375","0.703125","0.703125","0.703125","0.7152343750000001","0.7152343750000001","0.7152343750000001","0.7173828125000001","0.7173828125000001","0.7173828125000001","0.6423828125","0.6423828125","0.6423828125","0.7501953125","0.7501953125","0.7501953125","0.66953125","0.66953125","0.66953125","0.7533203125000001","0.7533203125000001","0.7533203125000001","0.8679687500000002","0.8679687500000002","0.8679687500000002","0.7847656250000001","0.7847656250000001","0.7847656250000001","0.8830078125000003","0.8830078125000003","0.8830078125000003","0.8900390625000001","0.8900390625000001","0.8900390625000001"
"26","0.6550781250000001","0.6550781250000001","0.6550781250000001","0.727734375","0.727734375","0.727734375","0.7220703125000001","0.7220703125000001","0.7220703125000001","0.7369140624999999","0.7369140624999999","0.7369140624999999","0.69140625","0.69140625","0.69140625","0.7119140625","0.7119140625","0.7119140625","0.6984374999999999","0.6984374999999999","0.6984374999999999","0.723828125","0.723828125","0.723828125","0.8638671875000001","0.8638671875000001","0.8638671875000001","0.8169921875000001","0.8169921875000001","0.8169921875000001","0.8689453125000002","0.8689453125000002","0.8689453125000002","0.8798828125000002","0.8798828125000002","0.8798828125000002"
"27","0.6310546875","0.6310546875","0.6310546875","0.7328125000000001","0.7328125000000001","0.7328125000000001","0.7205078125","0.7205078125","0.7205078125","0.7544921874999999","0.7544921874999999","0.7544921874999999","0.6236328125","0.6236328125","0.6236328125","0.775","0.775","0.775","0.7128906249999999","0.7128906249999999","0.7128906249999999","0.71640625","0.71640625","0.71640625","0.8896484375000002","0.8896484375000002","0.8896484375000002","0.8417968750000001","0.8417968750000001","0.8417968750000001","0.8949218750000002","0.8949218750000002","0.8949218750000002","0.8812500000000001","0.8812500000000001","0.8812500000000001"
"28","0.7054687500000001","0.7054687500000001","0.7054687500000001","0.6875","0.6875","0.6875","0.6896484375","0.6896484375","0.6896484375","0.7496093750000001","0.7496093750000001","0.7496093750000001","0.6765625","0.6765625","0.6765625","0.69609375","0.69609375","0.69609375","0.679296875","0.679296875","0.679296875","0.7501953124999999","0.7501953124999999","0.7501953124999999","0.8876953125000002","0.8876953125000002","0.8876953125000002","0.8132812500000001","0.8132812500000001","0.8132812500000001","0.8183593750000002","0.8183593750000002","0.8183593750000002","0.8847656250000001","0.8847656250000001","0.8847656250000001"
"29","0.7130859375","0.7130859375","0.7130859375","0.74375","0.74375","0.74375","0.6974609375","0.6974609375","0.6974609375","0.6923828125","0.6923828125","0.6923828125","0.6429687500000001","0.6429687500000001","0.6429687500000001","0.737890625","0.737890625","0.737890625","0.740234375","0.740234375","0.740234375","0.729296875","0.729296875","0.729296875","0.8814453125000001","0.8814453125000001","0.8814453125000001","0.7771484375","0.7771484375","0.7771484375","0.8812500000000002","0.8812500000000002","0.8812500000000002","0.8843750000000001","0.8843750000000001","0.8843750000000001"
"30","0.6363281250000001","0.6363281250000001","0.6363281250000001","0.7191406250000001","0.7191406250000001","0.7191406250000001","0.7318359375","0.7318359375","0.7318359375","0.7","0.7","0.7","0.6113281250000001","0.6113281250000001","0.6113281250000001","0.7554687499999999","0.7554687499999999","0.7554687499999999","0.6640624999999999","0.6640624999999999","0.6640624999999999","0.682421875","0.682421875","0.682421875","0.8837890625000002","0.8837890625000002","0.8837890625000002","0.807421875","0.807421875","0.807421875","0.8951171875000001","0.8951171875000001","0.8951171875000001","0.8822265625000001","0.8822265625000001","0.8822265625000001"
"32","0.7021484375","0.7021484375","0.7021484375","0.7349609375","0.7349609375","0.7349609375","0.7361328125000001","0.7361328125000001","0.7361328125000001","0.7345703125","0.7345703125","0.7345703125","0.645703125","0.645703125","0.645703125","0.7541015625","0.7541015625","0.7541015625","0.727734375","0.727734375","0.727734375","0.709765625","0.709765625","0.709765625","0.8847656250000002","0.8847656250000002","0.8847656250000002","0.7804687499999999","0.7804687499999999","0.7804687499999999","0.8806640625000002","0.8806640625000002","0.8806640625000002","0.8617187500000001","0.8617187500000001","0.8617187500000001"
"33","0.652734375","0.652734375","0.652734375","0.73515625","0.73515625","0.73515625","0.7445312500000001","0.7445312500000001","0.7445312500000001","0.731640625","0.731640625","0.731640625","0.6416015625","0.6416015625","0.6416015625","0.7146484375","0.7146484375","0.7146484375","0.730859375","0.730859375","0.730859375","0.7134765625","0.7134765625","0.7134765625","0.8748046875000002","0.8748046875000002","0.8748046875000002","0.796875","0.796875","0.796875","0.8925781250000002","0.8925781250000002","0.8925781250000002","0.8798828125000002","0.8798828125000002","0.8798828125000002"
"34","0.6771484375000001","0.6771484375000001","0.6771484375000001","0.7660156250000001","0.7660156250000001","0.7660156250000001","0.7357421875000001","0.7357421875000001","0.7357421875000001","0.7140625","0.7140625","0.7140625","0.6521484375","0.6521484375","0.6521484375","0.7111328125","0.7111328125","0.7111328125","0.76328125","0.76328125","0.76328125","0.7185546875","0.7185546875","0.7185546875","0.8845703125000002","0.8845703125000002","0.8845703125000002","0.817578125","0.817578125","0.817578125","0.8787109375000002","0.8787109375000002","0.8787109375000002","0.8699218750000001","0.8699218750000001","0.8699218750000001"
"35","0.6826171875","0.6826171875","0.6826171875","0.7060546875","0.7060546875","0.7060546875","0.75","0.75","0.75","0.709375","0.709375","0.709375","0.625","0.625","0.625","0.7339843749999999","0.7339843749999999","0.7339843749999999","0.75546875","0.75546875","0.75546875","0.6857421875","0.6857421875","0.6857421875","0.8695312500000001","0.8695312500000001","0.8695312500000001","0.8060546875000001","0.8060546875000001","0.8060546875000001","0.8564453125000001","0.8564453125000001","0.8564453125000001","0.876171875","0.876171875","0.876171875"
"36","0.7351562500000001","0.7351562500000001","0.7351562500000001","0.677734375","0.677734375","0.677734375","0.7244140625","0.7244140625","0.7244140625","0.6605468750000001","0.6605468750000001","0.6605468750000001","0.6318359375","0.6318359375","0.6318359375","0.7400390625","0.7400390625","0.7400390625","0.63359375","0.63359375","0.63359375","0.7113281250000001","0.7113281250000001","0.7113281250000001","0.8726562500000001","0.8726562500000001","0.8726562500000001","0.8173828125000001","0.8173828125000001","0.8173828125000001","0.8730468750000002","0.8730468750000002","0.8730468750000002","0.8791015625000002","0.8791015625000002","0.8791015625000002"
"37","0.700390625","0.700390625","0.700390625","0.7281250000000001","0.7281250000000001","0.7281250000000001","0.749609375","0.749609375","0.749609375","0.7470703125","0.7470703125","0.7470703125","0.5984375000000001","0.5984375000000001","0.5984375000000001","0.73359375","0.73359375","0.73359375","0.73046875","0.73046875","0.73046875","0.6980468750000001","0.6980468750000001","0.6980468750000001","0.8822265625000001","0.8822265625000001","0.8822265625000001","0.786328125","0.786328125","0.786328125","0.8970703125000001","0.8970703125000001","0.8970703125000001","0.8830078125","0.8830078125","0.8830078125"
"38","0.6466796875","0.6466796875","0.6466796875","0.7474609375","0.7474609375","0.7474609375","0.7732421875000001","0.7732421875000001","0.7732421875000001","0.7451171875","0.7451171875","0.7451171875","0.6099609375","0.6099609375","0.6099609375","0.71796875","0.71796875","0.71796875","0.71015625","0.71015625","0.71015625","0.7310546875","0.7310546875","0.7310546875","0.8894531250000002","0.8894531250000002","0.8894531250000002","0.8091796875000001","0.8091796875000001","0.8091796875000001","0.8820312500000003","0.8820312500000003","0.8820312500000003","0.8839843750000003","0.8839843750000003","0.8839843750000003"
"39","0.7564453125","0.7564453125","0.7564453125","0.7595703125000001","0.7595703125000001","0.7595703125000001","0.7130859375","0.7130859375","0.7130859375","0.7259765625000001","0.7259765625000001","0.7259765625000001","0.657421875","0.657421875","0.657421875","0.7496093749999999","0.7496093749999999","0.7496093749999999","0.7953124999999999","0.7953124999999999","0.7953124999999999","0.7310546875","0.7310546875","0.7310546875","0.8685546875000003","0.8685546875000003","0.8685546875000003","0.7822265625","0.7822265625","0.7822265625","0.8724609375000001","0.8724609375000001","0.8724609375000001","0.8841796875000002","0.8841796875000002","0.8841796875000002"
"40","0.695703125","0.695703125","0.695703125","0.744140625","0.744140625","0.744140625","0.7144531249999999","0.7144531249999999","0.7144531249999999","0.750390625","0.750390625","0.750390625","0.623046875","0.623046875","0.623046875","0.7142578125000001","0.7142578125000001","0.7142578125000001","0.735546875","0.735546875","0.735546875","0.7193359375000001","0.7193359375000001","0.7193359375000001","0.8738281250000002","0.8738281250000002","0.8738281250000002","0.8234375","0.8234375","0.8234375","0.8781250000000003","0.8781250000000003","0.8781250000000003","0.8734375000000001","0.8734375000000001","0.8734375000000001"
"41","0.68359375","0.68359375","0.68359375","0.7376953125000001","0.7376953125000001","0.7376953125000001","0.7546875","0.7546875","0.7546875","0.7517578125000001","0.7517578125000001","0.7517578125000001","0.6416015625","0.6416015625","0.6416015625","0.7470703125000001","0.7470703125000001","0.7470703125000001","0.684375","0.684375","0.684375","0.74140625","0.74140625","0.74140625","0.8773437500000002","0.8773437500000002","0.8773437500000002","0.8113281250000001","0.8113281250000001","0.8113281250000001","0.8880859375000002","0.8880859375000002","0.8880859375000002","0.8697265625000001","0.8697265625000001","0.8697265625000001"
"42","0.68203125","0.68203125","0.68203125","0.6931640625","0.6931640625","0.6931640625","0.7271484375000001","0.7271484375000001","0.7271484375000001","0.73671875","0.73671875","0.73671875","0.6234375","0.6234375","0.6234375","0.7373046875","0.7373046875","0.7373046875","0.68515625","0.68515625","0.68515625","0.7263671875","0.7263671875","0.7263671875","0.8775390625000001","0.8775390625000001","0.8775390625000001","0.8","0.8","0.8","0.8660156250000002","0.8660156250000002","0.8660156250000002","0.8765625000000001","0.8765625000000001","0.8765625000000001"
"43","0.6517578125000001","0.6517578125000001","0.6517578125000001","0.76015625","0.76015625","0.76015625","0.7568359375","0.7568359375","0.7568359375","0.7406249999999999","0.7406249999999999","0.7406249999999999","0.674609375","0.674609375","0.674609375","0.7242187500000001","0.7242187500000001","0.7242187500000001","0.715625","0.715625","0.715625","0.6994140624999999","0.6994140624999999","0.6994140624999999","0.8917968750000003","0.8917968750000003","0.8917968750000003","0.7966796875","0.7966796875","0.7966796875","0.8750000000000002","0.8750000000000002","0.8750000000000002","0.8804687500000001","0.8804687500000001","0.8804687500000001"
"44","0.6275390624999999","0.6275390624999999","0.6275390624999999","0.772265625","0.772265625","0.772265625","0.7005859375","0.7005859375","0.7005859375","0.77265625","0.77265625","0.77265625","0.6447265625","0.6447265625","0.6447265625","0.7566406250000001","0.7566406250000001","0.7566406250000001","0.705078125","0.705078125","0.705078125","0.6980468750000001","0.6980468750000001","0.6980468750000001","0.8931640625000001","0.8931640625000001","0.8931640625000001","0.8185546875","0.8185546875","0.8185546875","0.8666015625000002","0.8666015625000002","0.8666015625000002","0.8654296875","0.8654296875","0.8654296875"
"45","0.7263671875000002","0.7263671875000002","0.7263671875000002","0.7306640624999999","0.7306640624999999","0.7306640624999999","0.7242187500000001","0.7242187500000001","0.7242187500000001","0.7177734375000001","0.7177734375000001","0.7177734375000001","0.6347656250000001","0.6347656250000001","0.6347656250000001","0.7429687500000001","0.7429687500000001","0.7429687500000001","0.675","0.675","0.675","0.699609375","0.699609375","0.699609375","0.8837890625000002","0.8837890625000002","0.8837890625000002","0.8101562500000001","0.8101562500000001","0.8101562500000001","0.8699218750000002","0.8699218750000002","0.8699218750000002","0.8861328125000001","0.8861328125000001","0.8861328125000001"
"46","0.6994140625","0.6994140625","0.6994140625","0.7347656250000001","0.7347656250000001","0.7347656250000001","0.7537109375000001","0.7537109375000001","0.7537109375000001","0.734375","0.734375","0.734375","0.6511718750000001","0.6511718750000001","0.6511718750000001","0.7505859375","0.7505859375","0.7505859375","0.75078125","0.75078125","0.75078125","0.69140625","0.69140625","0.69140625","0.8912109375000002","0.8912109375000002","0.8912109375000002","0.80078125","0.80078125","0.80078125","0.8882812500000001","0.8882812500000001","0.8882812500000001","0.8802734375000002","0.8802734375000002","0.8802734375000002"
"47","0.676171875","0.676171875","0.676171875","0.732421875","0.732421875","0.732421875","0.7677734375","0.7677734375","0.7677734375","0.7443359375","0.7443359375","0.7443359375","0.62890625","0.62890625","0.62890625","0.78671875","0.78671875","0.78671875","0.753515625","0.753515625","0.753515625","0.7023437499999999","0.7023437499999999","0.7023437499999999","0.8916015625000002","0.8916015625000002","0.8916015625000002","0.8015625","0.8015625","0.8015625","0.8873046875000002","0.8873046875000002","0.8873046875000002","0.8632812500000002","0.8632812500000002","0.8632812500000002"
"48","0.719140625","0.719140625","0.719140625","0.7380859375","0.7380859375","0.7380859375","0.7777343750000001","0.7777343750000001","0.7777343750000001","0.736328125","0.736328125","0.736328125","0.653515625","0.653515625","0.653515625","0.7669921875000001","0.7669921875000001","0.7669921875000001","0.75546875","0.75546875","0.75546875","0.6923828125","0.6923828125","0.6923828125","0.8730468750000002","0.8730468750000002","0.8730468750000002","0.837109375","0.837109375","0.837109375","0.8808593750000002","0.8808593750000002","0.8808593750000002","0.8808593750000002","0.8808593750000002","0.8808593750000002"
"49","0.7025390625000001","0.7025390625000001","0.7025390625000001","0.7638671875","0.7638671875","0.7638671875","0.7380859375000001","0.7380859375000001","0.7380859375000001","0.7361328125","0.7361328125","0.7361328125","0.6298828125","0.6298828125","0.6298828125","0.7679687500000001","0.7679687500000001","0.7679687500000001","0.683203125","0.683203125","0.683203125","0.7253906250000001","0.7253906250000001","0.7253906250000001","0.8740234375000002","0.8740234375000002","0.8740234375000002","0.8154296875","0.8154296875","0.8154296875","0.8953125000000002","0.8953125000000002","0.8953125000000002","0.8857421875000002","0.8857421875000002","0.8857421875000002"
"50","0.6808593749999999","0.6808593749999999","0.6808593749999999","0.7224609375000001","0.7224609375000001","0.7224609375000001","0.7232421875000001","0.7232421875000001","0.7232421875000001","0.7505859375000001","0.7505859375000001","0.7505859375000001","0.6171875000000001","0.6171875000000001","0.6171875000000001","0.7658203125","0.7658203125","0.7658203125","0.755859375","0.755859375","0.755859375","0.7203124999999999","0.7203124999999999","0.7203124999999999","0.8535156250000001","0.8535156250000001","0.8535156250000001","0.7865234375","0.7865234375","0.7865234375","0.8894531250000002","0.8894531250000002","0.8894531250000002","0.8810546875000003","0.8810546875000003","0.8810546875000003"
"51","0.6904296875","0.6904296875","0.6904296875","0.7652343749999999","0.7652343749999999","0.7652343749999999","0.7009765625","0.7009765625","0.7009765625","0.7689453125000001","0.7689453125000001","0.7689453125000001","0.6041015625","0.6041015625","0.6041015625","0.7398437499999999","0.7398437499999999","0.7398437499999999","0.76640625","0.76640625","0.76640625","0.7146484375","0.7146484375","0.7146484375","0.8822265625000002","0.8822265625000002","0.8822265625000002","0.8035156250000001","0.8035156250000001","0.8035156250000001","0.8679687500000002","0.8679687500000002","0.8679687500000002","0.8802734375000001","0.8802734375000001","0.8802734375000001"
"52","0.670703125","0.670703125","0.670703125","0.7183593749999999","0.7183593749999999","0.7183593749999999","0.7406250000000001","0.7406250000000001","0.7406250000000001","0.7332031250000001","0.7332031250000001","0.7332031250000001","0.4009765625","0.4009765625","0.4009765625","0.725390625","0.725390625","0.725390625","0.6765625","0.6765625","0.6765625","0.68671875","0.68671875","0.68671875","0.8796875000000002","0.8796875000000002","0.8796875000000002","0.8109375","0.8109375","0.8109375","0.8664062500000002","0.8664062500000002","0.8664062500000002","0.8695312500000002","0.8695312500000002","0.8695312500000002"
"53","0.7291015625","0.7291015625","0.7291015625","0.6806640625","0.6806640625","0.6806640625","0.7568359375","0.7568359375","0.7568359375","0.7472656249999999","0.7472656249999999","0.7472656249999999","0.40546875000000004","0.40546875000000004","0.40546875000000004","0.7640624999999999","0.7640624999999999","0.7640624999999999","0.7765624999999999","0.7765624999999999","0.7765624999999999","0.758203125","0.758203125","0.758203125","0.8906250000000002","0.8906250000000002","0.8906250000000002","0.79609375","0.79609375","0.79609375","0.8947265625000002","0.8947265625000002","0.8947265625000002","0.8667968750000001","0.8667968750000001","0.8667968750000001"
"54","0.6994140625","0.6994140625","0.6994140625","0.7542968750000001","0.7542968750000001","0.7542968750000001","0.7462890625","0.7462890625","0.7462890625","0.6849609375","0.6849609375","0.6849609375","0.3994140625","0.3994140625","0.3994140625","0.7912109375","0.7912109375","0.7912109375","0.7546875000000001","0.7546875000000001","0.7546875000000001","0.7078125000000002","0.7078125000000002","0.7078125000000002","0.8873046875000002","0.8873046875000002","0.8873046875000002","0.8095703125000001","0.8095703125000001","0.8095703125000001","0.8828125000000002","0.8828125000000002","0.8828125000000002","0.8597656250000001","0.8597656250000001","0.8597656250000001"
"55","0.6943359375","0.6943359375","0.6943359375","0.7242187499999999","0.7242187499999999","0.7242187499999999","0.7384765625","0.7384765625","0.7384765625","0.7607421875","0.7607421875","0.7607421875","0.4076171875","0.4076171875","0.4076171875","0.7767578124999999","0.7767578124999999","0.7767578124999999","0.7234375","0.7234375","0.7234375","0.75703125","0.75703125","0.75703125","0.876171875","0.876171875","0.876171875","0.8205078125","0.8205078125","0.8205078125","0.8953125000000002","0.8953125000000002","0.8953125000000002","0.8851562500000001","0.8851562500000001","0.8851562500000001"
"56","0.6777343750000001","0.6777343750000001","0.6777343750000001","0.765234375","0.765234375","0.765234375","0.75390625","0.75390625","0.75390625","0.7130859375","0.7130859375","0.7130859375","0.401953125","0.401953125","0.401953125","0.7857421875","0.7857421875","0.7857421875","0.740234375","0.740234375","0.740234375","0.7470703125","0.7470703125","0.7470703125","0.8667968750000001","0.8667968750000001","0.8667968750000001","0.82890625","0.82890625","0.82890625","0.8839843750000002","0.8839843750000002","0.8839843750000002","0.8740234375000001","0.8740234375000001","0.8740234375000001"
"58","0.7126953125","0.7126953125","0.7126953125","0.7548828125","0.7548828125","0.7548828125","0.722265625","0.722265625","0.722265625","0.7287109375","0.7287109375","0.7287109375","0.34062500000000007","0.34062500000000007","0.34062500000000007","0.7484375","0.7484375","0.7484375","0.762109375","0.762109375","0.762109375","0.7173828125","0.7173828125","0.7173828125","0.8910156250000002","0.8910156250000002","0.8910156250000002","0.8296874999999999","0.8296874999999999","0.8296874999999999","0.8917968750000003","0.8917968750000003","0.8917968750000003","0.8765625000000001","0.8765625000000001","0.8765625000000001"
"59","0.7193359375000001","0.7193359375000001","0.7193359375000001","0.755078125","0.755078125","0.755078125","0.7208984375","0.7208984375","0.7208984375","0.7333984375","0.7333984375","0.7333984375","0.3521484375","0.3521484375","0.3521484375","0.7806640625000001","0.7806640625000001","0.7806640625000001","0.751953125","0.751953125","0.751953125","0.7277343749999999","0.7277343749999999","0.7277343749999999","0.883984375","0.883984375","0.883984375","0.816796875","0.816796875","0.816796875","0.8894531250000002","0.8894531250000002","0.8894531250000002","0.8880859375000002","0.8880859375000002","0.8880859375000002"
"60","0.62109375","0.62109375","0.62109375","0.7185546875","0.7185546875","0.7185546875","0.7503906250000001","0.7503906250000001","0.7503906250000001","0.7439453125000001","0.7439453125000001","0.7439453125000001","0.309375","0.309375","0.309375","0.7970703124999999","0.7970703124999999","0.7970703124999999","0.7613281250000001","0.7613281250000001","0.7613281250000001","0.7578125","0.7578125","0.7578125","0.8925781250000002","0.8925781250000002","0.8925781250000002","0.8279296875000001","0.8279296875000001","0.8279296875000001","0.8769531250000002","0.8769531250000002","0.8769531250000002","0.8763671875000002","0.8763671875000002","0.8763671875000002"
"61","0.7041015625","0.7041015625","0.7041015625","0.7390625000000001","0.7390625000000001","0.7390625000000001","0.7412109375","0.7412109375","0.7412109375","0.7218749999999999","0.7218749999999999","0.7218749999999999","0.34687500000000004","0.34687500000000004","0.34687500000000004","0.7855468750000001","0.7855468750000001","0.7855468750000001","0.747265625","0.747265625","0.747265625","0.7611328125000001","0.7611328125000001","0.7611328125000001","0.8609375000000001","0.8609375000000001","0.8609375000000001","0.8111328125","0.8111328125","0.8111328125","0.8800781250000003","0.8800781250000003","0.8800781250000003","0.8740234375000002","0.8740234375000002","0.8740234375000002"
"62","0.7029296875","0.7029296875","0.7029296875","0.6978515625000001","0.6978515625000001","0.6978515625000001","0.7392578125","0.7392578125","0.7392578125","0.7359374999999999","0.7359374999999999","0.7359374999999999","0.35878906250000003","0.35878906250000003","0.35878906250000003","0.7962890625000001","0.7962890625000001","0.7962890625000001","0.7726562499999999","0.7726562499999999","0.7726562499999999","0.7386718750000001","0.7386718750000001","0.7386718750000001","0.8861328125000002","0.8861328125000002","0.8861328125000002","0.81640625","0.81640625","0.81640625","0.8582031250000002","0.8582031250000002","0.8582031250000002","0.8740234375000002","0.8740234375000002","0.8740234375000002"
"63","0.69140625","0.69140625","0.69140625","0.7154296875","0.7154296875","0.7154296875","0.7496093749999999","0.7496093749999999","0.7496093749999999","0.7287109375","0.7287109375","0.7287109375","0.3623046875","0.3623046875","0.3623046875","0.795703125","0.795703125","0.795703125","0.708984375","0.708984375","0.708984375","0.745703125","0.745703125","0.745703125","0.8730468750000001","0.8730468750000001","0.8730468750000001","0.798828125","0.798828125","0.798828125","0.8820312500000002","0.8820312500000002","0.8820312500000002","0.8757812500000002","0.8757812500000002","0.8757812500000002"
"64","0.7156250000000001","0.7156250000000001","0.7156250000000001","0.6828125","0.6828125","0.6828125","0.714453125","0.714453125","0.714453125","0.7193359375","0.7193359375","0.7193359375","0.3583984375","0.3583984375","0.3583984375","0.8173828125","0.8173828125","0.8173828125","0.690625","0.690625","0.690625","0.743359375","0.743359375","0.743359375","0.8521484375","0.8521484375","0.8521484375","0.828125","0.828125","0.828125","0.8753906250000003","0.8753906250000003","0.8753906250000003","0.8736328125000001","0.8736328125000001","0.8736328125000001"
"65","0.7142578125000001","0.7142578125000001","0.7142578125000001","0.7099609375","0.7099609375","0.7099609375","0.690625","0.690625","0.690625","0.7525390625","0.7525390625","0.7525390625","0.38886718750000004","0.38886718750000004","0.38886718750000004","0.8068359375","0.8068359375","0.8068359375","0.773046875","0.773046875","0.773046875","0.7671874999999999","0.7671874999999999","0.7671874999999999","0.8757812500000002","0.8757812500000002","0.8757812500000002","0.830078125","0.830078125","0.830078125","0.8968750000000003","0.8968750000000003","0.8968750000000003","0.8757812500000002","0.8757812500000002","0.8757812500000002"
"66","0.700390625","0.700390625","0.700390625","0.7330078124999999","0.7330078124999999","0.7330078124999999","0.7080078125","0.7080078125","0.7080078125","0.7275390625","0.7275390625","0.7275390625","0.37324218750000004","0.37324218750000004","0.37324218750000004","0.8115234375","0.8115234375","0.8115234375","0.76328125","0.76328125","0.76328125","0.7523437499999999","0.7523437499999999","0.7523437499999999","0.8871093750000002","0.8871093750000002","0.8871093750000002","0.8031250000000001","0.8031250000000001","0.8031250000000001","0.8861328125000002","0.8861328125000002","0.8861328125000002","0.8791015625","0.8791015625","0.8791015625"
"67","0.7019531250000001","0.7019531250000001","0.7019531250000001","0.73203125","0.73203125","0.73203125","0.7212890625000001","0.7212890625000001","0.7212890625000001","0.72578125","0.72578125","0.72578125","0.35703125","0.35703125","0.35703125","0.822265625","0.822265625","0.822265625","0.7503906250000001","0.7503906250000001","0.7503906250000001","0.7513671874999999","0.7513671874999999","0.7513671874999999","0.8789062500000002","0.8789062500000002","0.8789062500000002","0.8302734375","0.8302734375","0.8302734375","0.8955078125000002","0.8955078125000002","0.8955078125000002","0.8804687500000001","0.8804687500000001","0.8804687500000001"
"68","0.7195312500000001","0.7195312500000001","0.7195312500000001","0.736328125","0.736328125","0.736328125","0.7654296875000001","0.7654296875000001","0.7654296875000001","0.7396484375000001","0.7396484375000001","0.7396484375000001","0.38710937500000003","0.38710937500000003","0.38710937500000003","0.813671875","0.813671875","0.813671875","0.765625","0.765625","0.765625","0.7455078125","0.7455078125","0.7455078125","0.8880859375000002","0.8880859375000002","0.8880859375000002","0.83984375","0.83984375","0.83984375","0.8826171875000002","0.8826171875000002","0.8826171875000002","0.8863281250000001","0.8863281250000001","0.8863281250000001"
"69","0.7580078125","0.7580078125","0.7580078125","0.7240234374999999","0.7240234374999999","0.7240234374999999","0.7099609375","0.7099609375","0.7099609375","0.7337890625000001","0.7337890625000001","0.7337890625000001","0.371875","0.371875","0.371875","0.8048828124999999","0.8048828124999999","0.8048828124999999","0.7734375","0.7734375","0.7734375","0.7546875","0.7546875","0.7546875","0.8910156250000002","0.8910156250000002","0.8910156250000002","0.8128906250000001","0.8128906250000001","0.8128906250000001","0.8757812500000002","0.8757812500000002","0.8757812500000002","0.8708984375000002","0.8708984375000002","0.8708984375000002"
"70","0.6767578125","0.6767578125","0.6767578125","0.7525390625","0.7525390625","0.7525390625","0.712890625","0.712890625","0.712890625","0.731640625","0.731640625","0.731640625","0.384765625","0.384765625","0.384765625","0.837890625","0.837890625","0.837890625","0.7683593750000001","0.7683593750000001","0.7683593750000001","0.7599609375","0.7599609375","0.7599609375","0.8894531250000002","0.8894531250000002","0.8894531250000002","0.83515625","0.83515625","0.83515625","0.8554687500000001","0.8554687500000001","0.8554687500000001","0.8628906250000001","0.8628906250000001","0.8628906250000001"
"71","0.7345703125","0.7345703125","0.7345703125","0.728125","0.728125","0.728125","0.7322265625","0.7322265625","0.7322265625","","","","0.41640625000000003","0.41640625000000003","0.41640625000000003","0.822265625","0.822265625","0.822265625","0.72109375","0.72109375","0.72109375","0.7904296874999999","0.7904296874999999","0.7904296874999999","0.8734375000000001","0.8734375000000001","0.8734375000000001","0.834765625","0.834765625","0.834765625","0.8921875000000001","0.8921875000000001","0.8921875000000001","0.8677734375000001","0.8677734375000001","0.8677734375000001"
"72","0.7109375","0.7109375","0.7109375","0.7488281250000001","0.7488281250000001","0.7488281250000001","0.740625","0.740625","0.740625","","","","0.42304687499999993","0.42304687499999993","0.42304687499999993","0.81328125","0.81328125","0.81328125","0.78515625","0.78515625","0.78515625","0.7533203125","0.7533203125","0.7533203125","0.8792968750000001","0.8792968750000001","0.8792968750000001","0.8259765625000001","0.8259765625000001","0.8259765625000001","0.8867187500000002","0.8867187500000002","0.8867187500000002","0.8636718750000001","0.8636718750000001","0.8636718750000001"
"73","0.7177734375","0.7177734375","0.7177734375","0.75546875","0.75546875","0.75546875","0.7673828125","0.7673828125","0.7673828125","","","","0.4392578125","0.4392578125","0.4392578125","0.8273437499999999","0.8273437499999999","0.8273437499999999","0.75390625","0.75390625","0.75390625","0.7744140625","0.7744140625","0.7744140625","0.8869140625000002","0.8869140625000002","0.8869140625000002","0.8294921875","0.8294921875","0.8294921875","0.8740234375000002","0.8740234375000002","0.8740234375000002","0.8738281250000002","0.8738281250000002","0.8738281250000002"
"74","0.7142578125000001","0.7142578125000001","0.7142578125000001","0.7431640625","0.7431640625","0.7431640625","0.744140625","0.744140625","0.744140625","","","","0.4595703125","0.4595703125","0.4595703125","0.8121093750000001","0.8121093750000001","0.8121093750000001","0.7683593750000001","0.7683593750000001","0.7683593750000001","0.7716796875","0.7716796875","0.7716796875","0.8820312500000002","0.8820312500000002","0.8820312500000002","0.8160156250000001","0.8160156250000001","0.8160156250000001","0.8628906250000001","0.8628906250000001","0.8628906250000001","0.8775390625000001","0.8775390625000001","0.8775390625000001"
"75","0.733984375","0.733984375","0.733984375","0.7548828125","0.7548828125","0.7548828125","0.6822265625","0.6822265625","0.6822265625","","","","0.4056640625","0.4056640625","0.4056640625","0.8380859375","0.8380859375","0.8380859375","0.7250000000000001","0.7250000000000001","0.7250000000000001","0.7744140625","0.7744140625","0.7744140625","0.8763671875000001","0.8763671875000001","0.8763671875000001","0.83671875","0.83671875","0.83671875","0.8480468750000001","0.8480468750000001","0.8480468750000001","0.8681640625000001","0.8681640625000001","0.8681640625000001"
"76","0.69921875","0.69921875","0.69921875","0.7326171875","0.7326171875","0.7326171875","0.7802734375","0.7802734375","0.7802734375","","","","0.24765625","0.24765625","0.24765625","0.8197265625000001","0.8197265625000001","0.8197265625000001","0.778125","0.778125","0.778125","0.77734375","0.77734375","0.77734375","0.8880859375000002","0.8880859375000002","0.8880859375000002","0.8255859375000001","0.8255859375000001","0.8255859375000001","0.8367187500000002","0.8367187500000002","0.8367187500000002","0.8787109375000002","0.8787109375000002","0.8787109375000002"
"77","0.725390625","0.725390625","0.725390625","0.728515625","0.728515625","0.728515625","0.7109375000000001","0.7109375000000001","0.7109375000000001","","","","0.0111328125","0.0111328125","0.0111328125","0.828125","0.828125","0.828125","0.755859375","0.755859375","0.755859375","0.7845703125000001","0.7845703125000001","0.7845703125000001","0.8802734375000002","0.8802734375000002","0.8802734375000002","0.8224609375","0.8224609375","0.8224609375","0.8746093750000001","0.8746093750000001","0.8746093750000001","0.8779296875000001","0.8779296875000001","0.8779296875000001"
"78","0.755078125","0.755078125","0.755078125","0.7583984375000001","0.7583984375000001","0.7583984375000001","0.7109375","0.7109375","0.7109375","","","","0.0005859375000000001","0.0005859375000000001","0.0005859375000000001","0.83828125","0.83828125","0.83828125","0.737109375","0.737109375","0.737109375","0.788671875","0.788671875","0.788671875","0.8853515625000001","0.8853515625000001","0.8853515625000001","0.8134765625","0.8134765625","0.8134765625","0.8857421875000002","0.8857421875000002","0.8857421875000002","0.8775390625000001","0.8775390625000001","0.8775390625000001"
"79","0.658203125","0.658203125","0.658203125","0.7835937500000001","0.7835937500000001","0.7835937500000001","0.74453125","0.74453125","0.74453125","","","","0.0","0.0","0.0","0.8232421875","0.8232421875","0.8232421875","0.7277343749999999","0.7277343749999999","0.7277343749999999","0.83125","0.83125","0.83125","0.8939453125000003","0.8939453125000003","0.8939453125000003","0.815234375","0.815234375","0.815234375","0.8857421875","0.8857421875","0.8857421875","0.8724609375000001","0.8724609375000001","0.8724609375000001"
"80","0.6892578125","0.6892578125","0.6892578125","0.7386718750000001","0.7386718750000001","0.7386718750000001","0.7546875","0.7546875","0.7546875","","","","0.0","0.0","0.0","0.8203125","0.8203125","0.8203125","0.691796875","0.691796875","0.691796875","0.7939453125","0.7939453125","0.7939453125","0.8917968750000003","0.8917968750000003","0.8917968750000003","0.82421875","0.82421875","0.82421875","0.8730468750000002","0.8730468750000002","0.8730468750000002","0.873046875","0.873046875","0.873046875"
"81","0.74296875","0.74296875","0.74296875","0.7775390625","0.7775390625","0.7775390625","0.7900390625","0.7900390625","0.7900390625","","","","0.0005859375000000001","0.0005859375000000001","0.0005859375000000001","0.8265625000000001","0.8265625000000001","0.8265625000000001","0.7339843749999999","0.7339843749999999","0.7339843749999999","0.784375","0.784375","0.784375","0.8869140625000002","0.8869140625000002","0.8869140625000002","0.8179687500000001","0.8179687500000001","0.8179687500000001","0.8923828125000002","0.8923828125000002","0.8923828125000002","0.8785156250000001","0.8785156250000001","0.8785156250000001"
"82","0.7154296875","0.7154296875","0.7154296875","0.75703125","0.75703125","0.75703125","0.7693359375","0.7693359375","0.7693359375","","","","0.002734375","0.002734375","0.002734375","0.8328125","0.8328125","0.8328125","0.7984374999999999","0.7984374999999999","0.7984374999999999","0.806640625","0.806640625","0.806640625","0.8804687500000001","0.8804687500000001","0.8804687500000001","0.8275390624999999","0.8275390624999999","0.8275390624999999","0.8738281250000002","0.8738281250000002","0.8738281250000002","0.8869140625000003","0.8869140625000003","0.8869140625000003"
"84","0.6951171875","0.6951171875","0.6951171875","0.7189453125","0.7189453125","0.7189453125","0.7580078125","0.7580078125","0.7580078125","","","","","","","0.8220703125","0.8220703125","0.8220703125","0.7378906249999999","0.7378906249999999","0.7378906249999999","0.8087890625","0.8087890625","0.8087890625","0.8857421875000002","0.8857421875000002","0.8857421875000002","0.8335937499999999","0.8335937499999999","0.8335937499999999","0.8728515625000002","0.8728515625000002","0.8728515625000002","0.8792968750000002","0.8792968750000002","0.8792968750000002"
"85","0.7189453125","0.7189453125","0.7189453125","0.7412109375","0.7412109375","0.7412109375","0.725390625","0.725390625","0.725390625","","","","","","","0.8166015624999999","0.8166015624999999","0.8166015624999999","0.688671875","0.688671875","0.688671875","0.7994140625","0.7994140625","0.7994140625","0.8685546875000001","0.8685546875000001","0.8685546875000001","0.8423828125000001","0.8423828125000001","0.8423828125000001","0.8925781250000002","0.8925781250000002","0.8925781250000002","0.8679687500000002","0.8679687500000002","0.8679687500000002"
"86","0.6749999999999999","0.6749999999999999","0.6749999999999999","0.750390625","0.750390625","0.750390625","0.7386718750000001","0.7386718750000001","0.7386718750000001","","","","","","","0.8265625000000001","0.8265625000000001","0.8265625000000001","0.7203124999999999","0.7203124999999999","0.7203124999999999","0.8083984375","0.8083984375","0.8083984375","0.8699218750000001","0.8699218750000001","0.8699218750000001","0.8330078125","0.8330078125","0.8330078125","0.8689453125000002","0.8689453125000002","0.8689453125000002","0.8855468750000002","0.8855468750000002","0.8855468750000002"
"87","0.700390625","0.700390625","0.700390625","0.7544921874999999","0.7544921874999999","0.7544921874999999","0.746484375","0.746484375","0.746484375","","","","","","","0.826171875","0.826171875","0.826171875","0.75","0.75","0.75","0.8060546875","0.8060546875","0.8060546875","0.8802734375000001","0.8802734375000001","0.8802734375000001","0.8001953125000001","0.8001953125000001","0.8001953125000001","0.8802734375000002","0.8802734375000002","0.8802734375000002","0.8781250000000002","0.8781250000000002","0.8781250000000002"
"88","0.6857421875","0.6857421875","0.6857421875","0.7513671875000001","0.7513671875000001","0.7513671875000001","0.7119140625","0.7119140625","0.7119140625","","","","","","","0.8310546875","0.8310546875","0.8310546875","0.724609375","0.724609375","0.724609375","0.7919921875","0.7919921875","0.7919921875","0.8861328125000001","0.8861328125000001","0.8861328125000001","0.8189453125000001","0.8189453125000001","0.8189453125000001","0.8750000000000001","0.8750000000000001","0.8750000000000001","0.8751953125000002","0.8751953125000002","0.8751953125000002"
"89","0.698046875","0.698046875","0.698046875","0.756640625","0.756640625","0.756640625","0.7562500000000001","0.7562500000000001","0.7562500000000001","","","","","","","0.8255859375000001","0.8255859375000001","0.8255859375000001","0.787109375","0.787109375","0.787109375","0.7900390625","0.7900390625","0.7900390625","0.8853515625000001","0.8853515625000001","0.8853515625000001","0.8167968750000001","0.8167968750000001","0.8167968750000001","0.8705078125000001","0.8705078125000001","0.8705078125000001","0.8751953125000002","0.8751953125000002","0.8751953125000002"
"90","0.6681640625","0.6681640625","0.6681640625","0.71875","0.71875","0.71875","0.7498046875","0.7498046875","0.7498046875","","","","","","","0.8345703125","0.8345703125","0.8345703125","0.68203125","0.68203125","0.68203125","0.8005859375000001","0.8005859375000001","0.8005859375000001","0.8794921875000001","0.8794921875000001","0.8794921875000001","0.8384765625","0.8384765625","0.8384765625","0.8900390625000001","0.8900390625000001","0.8900390625000001","0.8652343750000002","0.8652343750000002","0.8652343750000002"
"91","0.6828125","0.6828125","0.6828125","0.7525390624999999","0.7525390624999999","0.7525390624999999","0.7341796875","0.7341796875","0.7341796875","","","","","","","0.82421875","0.82421875","0.82421875","0.734375","0.734375","0.734375","0.8306640625","0.8306640625","0.8306640625","0.8787109375000002","0.8787109375000002","0.8787109375000002","0.8337890625000002","0.8337890625000002","0.8337890625000002","0.8716796875000001","0.8716796875000001","0.8716796875000001","0.8804687500000001","0.8804687500000001","0.8804687500000001"
"92","0.6683593750000001","0.6683593750000001","0.6683593750000001","0.728125","0.728125","0.728125","0.7623046875","0.7623046875","0.7623046875","","","","","","","0.807421875","0.807421875","0.807421875","0.802734375","0.802734375","0.802734375","0.8080078125000001","0.8080078125000001","0.8080078125000001","0.8785156250000001","0.8785156250000001","0.8785156250000001","0.791015625","0.791015625","0.791015625","0.8863281250000002","0.8863281250000002","0.8863281250000002","0.8898437500000003","0.8898437500000003","0.8898437500000003"
"93","0.6792968750000001","0.6792968750000001","0.6792968750000001","0.7423828125","0.7423828125","0.7423828125","0.7800781250000001","0.7800781250000001","0.7800781250000001","","","","","","","0.8322265625","0.8322265625","0.8322265625","0.740234375","0.740234375","0.740234375","0.795703125","0.795703125","0.795703125","0.8861328125000001","0.8861328125000001","0.8861328125000001","0.834765625","0.834765625","0.834765625","0.8845703125000002","0.8845703125000002","0.8845703125000002","0.8818359375000002","0.8818359375000002","0.8818359375000002"
"94","0.7578125","0.7578125","0.7578125","0.7345703125","0.7345703125","0.7345703125","0.7740234375","0.7740234375","0.7740234375","","","","","","","0.8056640625000001","0.8056640625000001","0.8056640625000001","0.7867187499999999","0.7867187499999999","0.7867187499999999","0.798828125","0.798828125","0.798828125","0.8833984375000001","0.8833984375000001","0.8833984375000001","0.834765625","0.834765625","0.834765625","0.8531250000000001","0.8531250000000001","0.8531250000000001","0.8699218750000002","0.8699218750000002","0.8699218750000002"
"95","0.7380859375","0.7380859375","0.7380859375","0.7054687500000001","0.7054687500000001","0.7054687500000001","0.726171875","0.726171875","0.726171875","","","","","","","0.831640625","0.831640625","0.831640625","0.791015625","0.791015625","0.791015625","0.8136718749999999","0.8136718749999999","0.8136718749999999","0.8878906250000002","0.8878906250000002","0.8878906250000002","0.8419921875","0.8419921875","0.8419921875","0.8767578125000002","0.8767578125000002","0.8767578125000002","0.8861328125000003","0.8861328125000003","0.8861328125000003"
"96","0.7419921875000001","0.7419921875000001","0.7419921875000001","0.7748046875","0.7748046875","0.7748046875","0.702734375","0.702734375","0.702734375","","","","","","","0.820703125","0.820703125","0.820703125","0.7425781250000001","0.7425781250000001","0.7425781250000001","0.80859375","0.80859375","0.80859375","0.8853515625000001","0.8853515625000001","0.8853515625000001","0.81015625","0.81015625","0.81015625","0.88984375","0.88984375","0.88984375","0.8837890625000002","0.8837890625000002","0.8837890625000002"
"97","0.7201171875","0.7201171875","0.7201171875","0.7763671875","0.7763671875","0.7763671875","0.7439453125","0.7439453125","0.7439453125","","","","","","","0.8134765625","0.8134765625","0.8134765625","0.8046875","0.8046875","0.8046875","0.8115234375","0.8115234375","0.8115234375","0.8896484375000002","0.8896484375000002","0.8896484375000002","0.840234375","0.840234375","0.840234375","0.8888671875000002","0.8888671875000002","0.8888671875000002","0.8798828125000002","0.8798828125000002","0.8798828125000002"
"98","0.6861328125","0.6861328125","0.6861328125","0.7416015625000001","0.7416015625000001","0.7416015625000001","0.7750000000000001","0.7750000000000001","0.7750000000000001","","","","","","","0.825","0.825","0.825","0.78125","0.78125","0.78125","0.80546875","0.80546875","0.80546875","0.8902343750000001","0.8902343750000001","0.8902343750000001","0.821875","0.821875","0.821875","0.8662109375000001","0.8662109375000001","0.8662109375000001","0.8818359375000002","0.8818359375000002","0.8818359375000002"
"99","0.74609375","0.74609375","0.74609375","0.748046875","0.748046875","0.748046875","0.6728515625","0.6728515625","0.6728515625","","","","","","","0.8197265625","0.8197265625","0.8197265625","0.7703125","0.7703125","0.7703125","0.8246093749999999","0.8246093749999999","0.8246093749999999","0.8855468750000002","0.8855468750000002","0.8855468750000002","0.8451171875000001","0.8451171875000001","0.8451171875000001","0.8628906250000002","0.8628906250000002","0.8628906250000002","0.8699218750000002","0.8699218750000002","0.8699218750000002"
"100","0.7103515625000001","0.7103515625000001","0.7103515625000001","0.7472656249999999","0.7472656249999999","0.7472656249999999","0.7244140625","0.7244140625","0.7244140625","","","","","","","0.8130859375","0.8130859375","0.8130859375","0.750390625","0.750390625","0.750390625","0.812109375","0.812109375","0.812109375","0.8880859375000001","0.8880859375000001","0.8880859375000001","0.8296875000000001","0.8296875000000001","0.8296875000000001","0.8779296875000002","0.8779296875000002","0.8779296875000002","0.8820312500000002","0.8820312500000002","0.8820312500000002"