"Step","w1-baseline-fast - completion_len/max","w1-baseline-fast - completion_len/max__MIN","w1-baseline-fast - completion_len/max__MAX","w1-alpha64-baseline - completion_len/max","w1-alpha64-baseline - completion_len/max__MIN","w1-alpha64-baseline - completion_len/max__MAX","w1-alpha32-baseline - completion_len/max","w1-alpha32-baseline - completion_len/max__MIN","w1-alpha32-baseline - completion_len/max__MAX","w1-alpha128-baseline - completion_len/max","w1-alpha128-baseline - completion_len/max__MIN","w1-alpha128-baseline - completion_len/max__MAX","w1-alpha64-lr1e-5 - completion_len/max","w1-alpha64-lr1e-5 - completion_len/max__MIN","w1-alpha64-lr1e-5 - completion_len/max__MAX","w1-alpha64-lr3e-6 - completion_len/max","w1-alpha64-lr3e-6 - completion_len/max__MIN","w1-alpha64-lr3e-6 - completion_len/max__MAX","w1-alpha64-lr3e-6-b64-r16 - completion_len/max","w1-alpha64-lr3e-6-b64-r16 - completion_len/max__MIN","w1-alpha64-lr3e-6-b64-r16 - completion_len/max__MAX","w1-alpha64-lr5e-6 - completion_len/max","w1-alpha64-lr5e-6 - completion_len/max__MIN","w1-alpha64-lr5e-6 - completion_len/max__MAX","w1-alpha64-lr3e-6-2048-max-tokens - completion_len/max","w1-alpha64-lr3e-6-2048-max-tokens - completion_len/max__MIN","w1-alpha64-lr3e-6-2048-max-tokens - completion_len/max__MAX","w1-alpha64-lr3e-6-1024-max-tokens - completion_len/max","w1-alpha64-lr3e-6-1024-max-tokens - completion_len/max__MIN","w1-alpha64-lr3e-6-1024-max-tokens - completion_len/max__MAX","w2-alpha64-lr3e-6-2048-max-tokens-t0.15 - completion_len/max","w2-alpha64-lr3e-6-2048-max-tokens-t0.15 - completion_len/max__MIN","w2-alpha64-lr3e-6-2048-max-tokens-t0.15 - completion_len/max__MAX","w2-alpha64-lr3e-6-2048-max-tokens-r4 - completion_len/max","w2-alpha64-lr3e-6-2048-max-tokens-r4 - completion_len/max__MIN","w2-alpha64-lr3e-6-2048-max-tokens-r4 - completion_len/max__MAX"
"1","512.0","512.0","512.0","512.0","512.0","512.0","512.0","512.0","512.0","512.0","512.0","512.0","512.0","512.0","512.0","512.0","512.0","512.0","507.125","507.125","507.125","512.0","512.0","512.0","2048.0","2048.0","2048.0","1015.0","1015.0","1015.0","961.625","961.625","961.625","1066.75","1066.75","1066.75"
"2","512.0","512.0","512.0","512.0","512.0","512.0","512.0","512.0","512.0","512.0","512.0","512.0","512.0","512.0","512.0","512.0","512.0","512.0","499.875","499.875","499.875","512.0","512.0","512.0","1368.5","1368.5","1368.5","1024.0","1024.0","1024.0","1682.25","1682.25","1682.25","1887.5","1887.5","1887.5"
"3","512.0","512.0","512.0","512.0","512.0","512.0","512.0","512.0","512.0","512.0","512.0","512.0","512.0","512.0","512.0","512.0","512.0","512.0","478.0","478.0","478.0","512.0","512.0","512.0","1575.75","1575.75","1575.75","947.375","947.375","947.375","1608.5","1608.5","1608.5","1793.0","1793.0","1793.0"
"4","512.0","512.0","512.0","512.0","512.0","512.0","512.0","512.0","512.0","512.0","512.0","512.0","512.0","512.0","512.0","512.0","512.0","512.0","512.0","512.0","512.0","512.0","512.0","512.0","1456.375","1456.375","1456.375","933.0","933.0","933.0","1248.875","1248.875","1248.875","1541.0","1541.0","1541.0"
"5","512.0","512.0","512.0","512.0","512.0","512.0","512.0","512.0","512.0","512.0","512.0","512.0","512.0","512.0","512.0","512.0","512.0","512.0","506.0625","506.0625","506.0625","512.0","512.0","512.0","1608.625","1608.625","1608.625","976.875","976.875","976.875","1496.5","1496.5","1496.5","2048.0","2048.0","2048.0"
"6","512.0","512.0","512.0","512.0","512.0","512.0","512.0","512.0","512.0","512.0","512.0","512.0","512.0","512.0","512.0","512.0","512.0","512.0","512.0","512.0","512.0","512.0","512.0","512.0","1826.375","1826.375","1826.375","1003.625","1003.625","1003.625","1194.5","1194.5","1194.5","1804.5","1804.5","1804.5"
"7","512.0","512.0","512.0","512.0","512.0","512.0","512.0","512.0","512.0","512.0","512.0","512.0","484.125","484.125","484.125","512.0","512.0","512.0","500.125","500.125","500.125","512.0","512.0","512.0","1254.0","1254.0","1254.0","1024.0","1024.0","1024.0","1624.625","1624.625","1624.625","1689.0","1689.0","1689.0"
"8","512.0","512.0","512.0","512.0","512.0","512.0","512.0","512.0","512.0","512.0","512.0","512.0","512.0","512.0","512.0","512.0","512.0","512.0","509.0","509.0","509.0","512.0","512.0","512.0","1524.375","1524.375","1524.375","984.375","984.375","984.375","1616.125","1616.125","1616.125","1953.5","1953.5","1953.5"
"9","511.125","511.125","511.125","512.0","512.0","512.0","512.0","512.0","512.0","507.625","507.625","507.625","495.25","495.25","495.25","512.0","512.0","512.0","459.8125","459.8125","459.8125","492.75","492.75","492.75","1944.0","1944.0","1944.0","1000.0","1000.0","1000.0","1318.25","1318.25","1318.25","1524.5","1524.5","1524.5"
"10","512.0","512.0","512.0","512.0","512.0","512.0","512.0","512.0","512.0","512.0","512.0","512.0","456.125","456.125","456.125","502.5","502.5","502.5","464.875","464.875","464.875","512.0","512.0","512.0","1500.125","1500.125","1500.125","889.125","889.125","889.125","1387.75","1387.75","1387.75","1376.25","1376.25","1376.25"
"11","512.0","512.0","512.0","512.0","512.0","512.0","512.0","512.0","512.0","512.0","512.0","512.0","493.0","493.0","493.0","496.5","496.5","496.5","382.125","382.125","382.125","490.125","490.125","490.125","1958.0","1958.0","1958.0","878.125","878.125","878.125","1785.0","1785.0","1785.0","1627.5","1627.5","1627.5"
"12","512.0","512.0","512.0","512.0","512.0","512.0","512.0","512.0","512.0","512.0","512.0","512.0","420.0","420.0","420.0","478.75","478.75","478.75","379.5625","379.5625","379.5625","492.5","492.5","492.5","1376.75","1376.75","1376.75","990.0","990.0","990.0","1484.625","1484.625","1484.625","1751.5","1751.5","1751.5"
"13","512.0","512.0","512.0","512.0","512.0","512.0","512.0","512.0","512.0","512.0","512.0","512.0","494.125","494.125","494.125","442.125","442.125","442.125","512.0","512.0","512.0","512.0","512.0","512.0","1987.375","1987.375","1987.375","949.25","949.25","949.25","1760.25","1760.25","1760.25","1687.0","1687.0","1687.0"
"14","512.0","512.0","512.0","512.0","512.0","512.0","512.0","512.0","512.0","512.0","512.0","512.0","512.0","512.0","512.0","487.5","487.5","487.5","507.875","507.875","507.875","512.0","512.0","512.0","1373.0","1373.0","1373.0","958.125","958.125","958.125","1350.375","1350.375","1350.375","1493.25","1493.25","1493.25"
"15","512.0","512.0","512.0","492.375","492.375","492.375","512.0","512.0","512.0","496.5","496.5","496.5","477.125","477.125","477.125","503.75","503.75","503.75","495.9375","495.9375","495.9375","478.125","478.125","478.125","1659.5","1659.5","1659.5","574.75","574.75","574.75","1753.75","1753.75","1753.75","1576.0","1576.0","1576.0"
"16","512.0","512.0","512.0","512.0","512.0","512.0","512.0","512.0","512.0","484.875","484.875","484.875","390.375","390.375","390.375","512.0","512.0","512.0","351.9375","351.9375","351.9375","490.875","490.875","490.875","1369.375","1369.375","1369.375","761.75","761.75","761.75","2000.75","2000.75","2000.75","2015.75","2015.75","2015.75"
"17","511.5","511.5","511.5","485.5","485.5","485.5","512.0","512.0","512.0","490.375","490.375","490.375","401.625","401.625","401.625","512.0","512.0","512.0","497.625","497.625","497.625","509.625","509.625","509.625","1829.125","1829.125","1829.125","1024.0","1024.0","1024.0","1359.0","1359.0","1359.0","2048.0","2048.0","2048.0"
"18","512.0","512.0","512.0","512.0","512.0","512.0","512.0","512.0","512.0","490.125","490.125","490.125","397.75","397.75","397.75","427.25","427.25","427.25","384.75","384.75","384.75","432.875","432.875","432.875","1285.375","1285.375","1285.375","757.75","757.75","757.75","1455.5","1455.5","1455.5","2048.0","2048.0","2048.0"
"19","512.0","512.0","512.0","500.75","500.75","500.75","512.0","512.0","512.0","487.25","487.25","487.25","478.875","478.875","478.875","512.0","512.0","512.0","483.4375","483.4375","483.4375","478.25","478.25","478.25","1102.375","1102.375","1102.375","597.5","597.5","597.5","1812.125","1812.125","1812.125","2036.25","2036.25","2036.25"
"20","512.0","512.0","512.0","472.0","472.0","472.0","512.0","512.0","512.0","512.0","512.0","512.0","380.875","380.875","380.875","390.625","390.625","390.625","489.75","489.75","489.75","512.0","512.0","512.0","1466.125","1466.125","1466.125","717.5","717.5","717.5","1423.75","1423.75","1423.75","1756.75","1756.75","1756.75"
"21","512.0","512.0","512.0","512.0","512.0","512.0","506.5","506.5","506.5","489.25","489.25","489.25","261.375","261.375","261.375","467.375","467.375","467.375","361.5","361.5","361.5","430.5","430.5","430.5","1983.375","1983.375","1983.375","942.375","942.375","942.375","1802.625","1802.625","1802.625","1953.0","1953.0","1953.0"
"22","512.0","512.0","512.0","496.125","496.125","496.125","512.0","512.0","512.0","492.75","492.75","492.75","276.125","276.125","276.125","489.125","489.125","489.125","420.3125","420.3125","420.3125","512.0","512.0","512.0","1293.5","1293.5","1293.5","569.0","569.0","569.0","1562.375","1562.375","1562.375","2048.0","2048.0","2048.0"
"23","512.0","512.0","512.0","487.375","487.375","487.375","512.0","512.0","512.0","469.5","469.5","469.5","339.875","339.875","339.875","408.5","408.5","408.5","412.125","412.125","412.125","414.125","414.125","414.125","1394.375","1394.375","1394.375","841.25","841.25","841.25","1080.75","1080.75","1080.75","1737.0","1737.0","1737.0"
"24","512.0","512.0","512.0","512.0","512.0","512.0","502.0","502.0","502.0","512.0","512.0","512.0","381.0","381.0","381.0","500.25","500.25","500.25","350.0625","350.0625","350.0625","404.125","404.125","404.125","1769.75","1769.75","1769.75","830.125","830.125","830.125","1190.75","1190.75","1190.75","1543.0","1543.0","1543.0"
"25","512.0","512.0","512.0","484.375","484.375","484.375","512.0","512.0","512.0","469.5","469.5","469.5","386.5","386.5","386.5","436.625","436.625","436.625","360.625","360.625","360.625","337.5","337.5","337.5","1471.625","1471.625","1471.625","825.75","825.75","825.75","1810.375","1810.375","1810.375","1470.0","1470.0","1470.0"
"26","512.0","512.0","512.0","512.0","512.0","512.0","512.0","512.0","512.0","489.875","489.875","489.875","324.375","324.375","324.375","405.75","405.75","405.75","398.6875","398.6875","398.6875","448.5","448.5","448.5","1793.375","1793.375","1793.375","534.25","534.25","534.25","1560.0","1560.0","1560.0","1622.25","1622.25","1622.25"
"27","512.0","512.0","512.0","452.0","452.0","452.0","512.0","512.0","512.0","450.125","450.125","450.125","317.875","317.875","317.875","400.25","400.25","400.25","490.9375","490.9375","490.9375","447.125","447.125","447.125","906.625","906.625","906.625","533.125","533.125","533.125","1217.5","1217.5","1217.5","1584.5","1584.5","1584.5"
"28","512.0","512.0","512.0","512.0","512.0","512.0","512.0","512.0","512.0","490.625","490.625","490.625","200.375","200.375","200.375","477.0","477.0","477.0","445.0625","445.0625","445.0625","383.875","383.875","383.875","1160.0","1160.0","1160.0","614.625","614.625","614.625","2048.0","2048.0","2048.0","1376.75","1376.75","1376.75"
"29","508.375","508.375","508.375","481.125","481.125","481.125","512.0","512.0","512.0","464.25","464.25","464.25","242.75","242.75","242.75","434.0","434.0","434.0","319.625","319.625","319.625","499.125","499.125","499.125","877.0","877.0","877.0","546.125","546.125","546.125","1582.375","1582.375","1582.375","1965.0","1965.0","1965.0"
"30","512.0","512.0","512.0","473.375","473.375","473.375","473.5","473.5","473.5","504.875","504.875","504.875","205.625","205.625","205.625","397.875","397.875","397.875","462.75","462.75","462.75","405.625","405.625","405.625","1467.625","1467.625","1467.625","517.25","517.25","517.25","1421.625","1421.625","1421.625","1740.25","1740.25","1740.25"
"32","512.0","512.0","512.0","457.125","457.125","457.125","486.25","486.25","486.25","472.875","472.875","472.875","196.125","196.125","196.125","370.375","370.375","370.375","436.5625","436.5625","436.5625","347.125","347.125","347.125","1706.75","1706.75","1706.75","734.0","734.0","734.0","2029.375","2029.375","2029.375","1895.75","1895.75","1895.75"
"33","510.0","510.0","510.0","476.375","476.375","476.375","482.375","482.375","482.375","427.0","427.0","427.0","314.5","314.5","314.5","415.75","415.75","415.75","488.3125","488.3125","488.3125","413.5","413.5","413.5","1693.75","1693.75","1693.75","689.75","689.75","689.75","1122.0","1122.0","1122.0","2048.0","2048.0","2048.0"
"34","512.0","512.0","512.0","375.0","375.0","375.0","473.625","473.625","473.625","454.75","454.75","454.75","210.375","210.375","210.375","410.125","410.125","410.125","379.9375","379.9375","379.9375","498.875","498.875","498.875","1093.5","1093.5","1093.5","742.125","742.125","742.125","1488.75","1488.75","1488.75","2028.5","2028.5","2028.5"
"35","512.0","512.0","512.0","489.875","489.875","489.875","472.125","472.125","472.125","484.125","484.125","484.125","187.25","187.25","187.25","389.375","389.375","389.375","338.75","338.75","338.75","324.125","324.125","324.125","1239.0","1239.0","1239.0","641.625","641.625","641.625","2048.0","2048.0","2048.0","1539.25","1539.25","1539.25"
"36","507.75","507.75","507.75","512.0","512.0","512.0","512.0","512.0","512.0","490.25","490.25","490.25","375.25","375.25","375.25","409.75","409.75","409.75","403.6875","403.6875","403.6875","443.0","443.0","443.0","1417.375","1417.375","1417.375","595.75","595.75","595.75","2002.875","2002.875","2002.875","1841.75","1841.75","1841.75"
"37","512.0","512.0","512.0","456.375","456.375","456.375","509.625","509.625","509.625","440.75","440.75","440.75","185.6875","185.6875","185.6875","385.5","385.5","385.5","387.5625","387.5625","387.5625","420.625","420.625","420.625","1412.25","1412.25","1412.25","751.875","751.875","751.875","1135.125","1135.125","1135.125","1734.5","1734.5","1734.5"
"38","512.0","512.0","512.0","453.5","453.5","453.5","510.125","510.125","510.125","436.625","436.625","436.625","275.625","275.625","275.625","492.375","492.375","492.375","432.875","432.875","432.875","382.25","382.25","382.25","1649.75","1649.75","1649.75","554.25","554.25","554.25","1431.25","1431.25","1431.25","1886.0","1886.0","1886.0"
"39","492.875","492.875","492.875","479.0","479.0","479.0","512.0","512.0","512.0","433.75","433.75","433.75","214.25","214.25","214.25","425.75","425.75","425.75","293.3125","293.3125","293.3125","348.25","348.25","348.25","2048.0","2048.0","2048.0","724.375","724.375","724.375","1162.5","1162.5","1162.5","1530.25","1530.25","1530.25"
"40","512.0","512.0","512.0","499.375","499.375","499.375","506.875","506.875","506.875","363.375","363.375","363.375","316.625","316.625","316.625","411.375","411.375","411.375","355.0625","355.0625","355.0625","399.375","399.375","399.375","1635.125","1635.125","1635.125","607.25","607.25","607.25","1971.625","1971.625","1971.625","1550.5","1550.5","1550.5"
"41","512.0","512.0","512.0","469.75","469.75","469.75","512.0","512.0","512.0","487.25","487.25","487.25","199.625","199.625","199.625","411.625","411.625","411.625","441.0","441.0","441.0","345.375","345.375","345.375","1915.5","1915.5","1915.5","625.375","625.375","625.375","1370.375","1370.375","1370.375","1692.75","1692.75","1692.75"
"42","512.0","512.0","512.0","512.0","512.0","512.0","499.25","499.25","499.25","429.625","429.625","429.625","251.5","251.5","251.5","384.625","384.625","384.625","478.9375","478.9375","478.9375","336.875","336.875","336.875","1412.125","1412.125","1412.125","521.25","521.25","521.25","2048.0","2048.0","2048.0","1261.25","1261.25","1261.25"
"43","512.0","512.0","512.0","471.375","471.375","471.375","493.25","493.25","493.25","377.375","377.375","377.375","253.5","253.5","253.5","447.625","447.625","447.625","422.1875","422.1875","422.1875","388.0","388.0","388.0","1656.5","1656.5","1656.5","759.125","759.125","759.125","1851.0","1851.0","1851.0","1449.25","1449.25","1449.25"
"44","512.0","512.0","512.0","451.375","451.375","451.375","490.75","490.75","490.75","400.625","400.625","400.625","205.625","205.625","205.625","360.5","360.5","360.5","381.75","381.75","381.75","373.625","373.625","373.625","1598.0","1598.0","1598.0","759.25","759.25","759.25","1792.875","1792.875","1792.875","2048.0","2048.0","2048.0"
"45","512.0","512.0","512.0","460.75","460.75","460.75","491.125","491.125","491.125","455.75","455.75","455.75","259.125","259.125","259.125","391.625","391.625","391.625","455.9375","455.9375","455.9375","403.0","403.0","403.0","1516.375","1516.375","1516.375","912.0","912.0","912.0","1983.75","1983.75","1983.75","1530.25","1530.25","1530.25"
"46","512.0","512.0","512.0","461.375","461.375","461.375","487.25","487.25","487.25","362.0","362.0","362.0","261.75","261.75","261.75","489.125","489.125","489.125","343.125","343.125","343.125","375.75","375.75","375.75","1386.5","1386.5","1386.5","579.375","579.375","579.375","1001.5","1001.5","1001.5","1370.5","1370.5","1370.5"
"47","512.0","512.0","512.0","483.625","483.625","483.625","504.25","504.25","504.25","385.375","385.375","385.375","279.0","279.0","279.0","375.875","375.875","375.875","297.5","297.5","297.5","411.875","411.875","411.875","1762.0","1762.0","1762.0","672.625","672.625","672.625","1745.875","1745.875","1745.875","1784.5","1784.5","1784.5"
"48","512.0","512.0","512.0","493.125","493.125","493.125","425.125","425.125","425.125","438.5","438.5","438.5","235.25","235.25","235.25","368.375","368.375","368.375","322.3125","322.3125","322.3125","512.0","512.0","512.0","1526.875","1526.875","1526.875","498.625","498.625","498.625","1281.5","1281.5","1281.5","1917.0","1917.0","1917.0"
"49","512.0","512.0","512.0","451.25","451.25","451.25","478.625","478.625","478.625","437.875","437.875","437.875","195.875","195.875","195.875","346.375","346.375","346.375","485.8125","485.8125","485.8125","374.125","374.125","374.125","1692.75","1692.75","1692.75","581.375","581.375","581.375","1383.0","1383.0","1383.0","1106.5","1106.5","1106.5"
"50","512.0","512.0","512.0","465.75","465.75","465.75","512.0","512.0","512.0","359.5","359.5","359.5","390.25","390.25","390.25","324.25","324.25","324.25","300.75","300.75","300.75","477.375","477.375","477.375","1869.1875","1869.1875","1869.1875","433.5","433.5","433.5","1322.375","1322.375","1322.375","1787.75","1787.75","1787.75"
"51","512.0","512.0","512.0","419.625","419.625","419.625","491.375","491.375","491.375","426.5","426.5","426.5","226.375","226.375","226.375","434.125","434.125","434.125","296.25","296.25","296.25","391.0","391.0","391.0","1234.0","1234.0","1234.0","498.875","498.875","498.875","1977.75","1977.75","1977.75","1089.0","1089.0","1089.0"
"52","512.0","512.0","512.0","485.875","485.875","485.875","482.625","482.625","482.625","469.25","469.25","469.25","161.375","161.375","161.375","363.125","363.125","363.125","472.5625","472.5625","472.5625","467.25","467.25","467.25","1486.125","1486.125","1486.125","604.375","604.375","604.375","1844.25","1844.25","1844.25","1420.5","1420.5","1420.5"
"53","505.5","505.5","505.5","468.875","468.875","468.875","512.0","512.0","512.0","353.5","353.5","353.5","142.0","142.0","142.0","385.375","385.375","385.375","278.8125","278.8125","278.8125","381.75","381.75","381.75","1480.375","1480.375","1480.375","485.375","485.375","485.375","1187.375","1187.375","1187.375","1862.5","1862.5","1862.5"
"54","512.0","512.0","512.0","407.0","407.0","407.0","486.5","486.5","486.5","440.5","440.5","440.5","109.375","109.375","109.375","356.75","356.75","356.75","337.375","337.375","337.375","512.0","512.0","512.0","1278.0","1278.0","1278.0","770.5","770.5","770.5","1708.125","1708.125","1708.125","2048.0","2048.0","2048.0"
"55","512.0","512.0","512.0","474.5","474.5","474.5","475.25","475.25","475.25","373.5","373.5","373.5","105.75","105.75","105.75","364.75","364.75","364.75","418.125","418.125","418.125","339.125","339.125","339.125","1340.875","1340.875","1340.875","536.625","536.625","536.625","1255.5","1255.5","1255.5","1107.5","1107.5","1107.5"
"56","512.0","512.0","512.0","417.25","417.25","417.25","437.25","437.25","437.25","404.25","404.25","404.25","124.25","124.25","124.25","312.375","312.375","312.375","279.0","279.0","279.0","269.75","269.75","269.75","1907.0","1907.0","1907.0","639.25","639.25","639.25","1612.25","1612.25","1612.25","1985.5","1985.5","1985.5"
"58","512.0","512.0","512.0","447.125","447.125","447.125","512.0","512.0","512.0","347.5","347.5","347.5","95.5","95.5","95.5","380.375","380.375","380.375","241.4375","241.4375","241.4375","343.125","343.125","343.125","1179.0","1179.0","1179.0","788.125","788.125","788.125","1467.625","1467.625","1467.625","1550.25","1550.25","1550.25"
"59","498.5","498.5","498.5","436.0","436.0","436.0","491.625","491.625","491.625","417.0","417.0","417.0","104.125","104.125","104.125","299.5","299.5","299.5","423.0625","423.0625","423.0625","446.875","446.875","446.875","1024.0","1024.0","1024.0","646.5","646.5","646.5","1024.5","1024.5","1024.5","1220.5","1220.5","1220.5"
"60","512.0","512.0","512.0","509.875","509.875","509.875","467.125","467.125","467.125","401.375","401.375","401.375","97.5","97.5","97.5","285.75","285.75","285.75","296.875","296.875","296.875","334.75","334.75","334.75","1232.625","1232.625","1232.625","618.5","618.5","618.5","1708.375","1708.375","1708.375","1937.5","1937.5","1937.5"
"61","512.0","512.0","512.0","437.0","437.0","437.0","507.125","507.125","507.125","423.375","423.375","423.375","116.375","116.375","116.375","263.625","263.625","263.625","310.3125","310.3125","310.3125","390.0","390.0","390.0","1766.125","1766.125","1766.125","517.5","517.5","517.5","1643.375","1643.375","1643.375","1873.75","1873.75","1873.75"
"62","512.0","512.0","512.0","512.0","512.0","512.0","462.0","462.0","462.0","431.625","431.625","431.625","114.0","114.0","114.0","257.75","257.75","257.75","254.625","254.625","254.625","329.125","329.125","329.125","1909.0","1909.0","1909.0","602.5","602.5","602.5","2038.625","2038.625","2038.625","1924.25","1924.25","1924.25"
"63","512.0","512.0","512.0","425.125","425.125","425.125","381.5","381.5","381.5","473.0","473.0","473.0","95.25","95.25","95.25","317.75","317.75","317.75","242.25","242.25","242.25","311.0","311.0","311.0","1195.0625","1195.0625","1195.0625","515.75","515.75","515.75","1553.25","1553.25","1553.25","1305.75","1305.75","1305.75"
"64","512.0","512.0","512.0","508.0","508.0","508.0","512.0","512.0","512.0","342.75","342.75","342.75","96.375","96.375","96.375","295.625","295.625","295.625","380.9375","380.9375","380.9375","385.375","385.375","385.375","2048.0","2048.0","2048.0","602.25","602.25","602.25","1830.25","1830.25","1830.25","1183.75","1183.75","1183.75"
"65","495.375","495.375","495.375","489.125","489.125","489.125","512.0","512.0","512.0","400.75","400.75","400.75","110.75","110.75","110.75","255.5","255.5","255.5","340.0","340.0","340.0","365.0","365.0","365.0","1714.125","1714.125","1714.125","581.5","581.5","581.5","1474.125","1474.125","1474.125","1291.25","1291.25","1291.25"
"66","512.0","512.0","512.0","440.125","440.125","440.125","488.5","488.5","488.5","406.0","406.0","406.0","108.125","108.125","108.125","266.625","266.625","266.625","357.8125","357.8125","357.8125","264.75","264.75","264.75","841.125","841.125","841.125","807.25","807.25","807.25","1456.75","1456.75","1456.75","1837.75","1837.75","1837.75"
"67","505.25","505.25","505.25","466.5","466.5","466.5","495.625","495.625","495.625","412.375","412.375","412.375","96.125","96.125","96.125","235.625","235.625","235.625","333.75","333.75","333.75","285.375","285.375","285.375","1372.125","1372.125","1372.125","725.75","725.75","725.75","1406.75","1406.75","1406.75","1719.75","1719.75","1719.75"
"68","512.0","512.0","512.0","395.75","395.75","395.75","395.875","395.875","395.875","406.625","406.625","406.625","97.75","97.75","97.75","235.625","235.625","235.625","246.4375","246.4375","246.4375","347.75","347.75","347.75","1512.0","1512.0","1512.0","587.75","587.75","587.75","1507.625","1507.625","1507.625","1369.25","1369.25","1369.25"
"69","474.625","474.625","474.625","503.5","503.5","503.5","466.25","466.25","466.25","347.5","347.5","347.5","107.0","107.0","107.0","242.375","242.375","242.375","253.875","253.875","253.875","363.125","363.125","363.125","1122.75","1122.75","1122.75","457.0","457.0","457.0","1575.125","1575.125","1575.125","1952.25","1952.25","1952.25"
"70","512.0","512.0","512.0","401.5","401.5","401.5","461.25","461.25","461.25","344.0","344.0","344.0","91.125","91.125","91.125","246.125","246.125","246.125","269.25","269.25","269.25","268.875","268.875","268.875","1088.625","1088.625","1088.625","497.5","497.5","497.5","2004.625","2004.625","2004.625","1186.0","1186.0","1186.0"
"71","496.75","496.75","496.75","406.75","406.75","406.75","488.5","488.5","488.5","","","","187.875","187.875","187.875","237.25","237.25","237.25","288.5","288.5","288.5","283.25","283.25","283.25","1135.125","1135.125","1135.125","390.875","390.875","390.875","1556.5","1556.5","1556.5","1723.25","1723.25","1723.25"
"72","506.0","506.0","506.0","426.25","426.25","426.25","483.0","483.0","483.0","","","","123.625","123.625","123.625","250.5","250.5","250.5","266.5","266.5","266.5","270.375","270.375","270.375","1244.375","1244.375","1244.375","611.125","611.125","611.125","1438.75","1438.75","1438.75","1743.5","1743.5","1743.5"
"73","503.75","503.75","503.75","434.625","434.625","434.625","464.625","464.625","464.625","","","","147.375","147.375","147.375","235.0","235.0","235.0","361.625","361.625","361.625","403.25","403.25","403.25","983.875","983.875","983.875","501.375","501.375","501.375","1490.5","1490.5","1490.5","1316.5","1316.5","1316.5"
"74","499.625","499.625","499.625","397.25","397.25","397.25","481.0","481.0","481.0","","","","227.75","227.75","227.75","250.375","250.375","250.375","248.5625","248.5625","248.5625","302.625","302.625","302.625","1893.875","1893.875","1893.875","571.75","571.75","571.75","2026.5","2026.5","2026.5","1464.5","1464.5","1464.5"
"75","501.75","501.75","501.75","371.0","371.0","371.0","506.375","506.375","506.375","","","","251.75","251.75","251.75","258.625","258.625","258.625","329.125","329.125","329.125","221.0","221.0","221.0","1469.5","1469.5","1469.5","658.25","658.25","658.25","1889.0","1889.0","1889.0","1794.5","1794.5","1794.5"
"76","512.0","512.0","512.0","469.5","469.5","469.5","400.625","400.625","400.625","","","","453.25","453.25","453.25","278.25","278.25","278.25","283.625","283.625","283.625","261.625","261.625","261.625","1403.0","1403.0","1403.0","469.625","469.625","469.625","2036.75","2036.75","2036.75","1103.25","1103.25","1103.25"
"77","512.0","512.0","512.0","458.5","458.5","458.5","512.0","512.0","512.0","","","","512.0","512.0","512.0","247.875","247.875","247.875","275.1875","275.1875","275.1875","339.375","339.375","339.375","1427.625","1427.625","1427.625","628.625","628.625","628.625","1810.0","1810.0","1810.0","1372.25","1372.25","1372.25"
"78","509.5","509.5","509.5","369.625","369.625","369.625","477.875","477.875","477.875","","","","512.0","512.0","512.0","274.5","274.5","274.5","416.75","416.75","416.75","271.125","271.125","271.125","1431.25","1431.25","1431.25","1000.125","1000.125","1000.125","1792.625","1792.625","1792.625","1422.25","1422.25","1422.25"
"79","512.0","512.0","512.0","382.125","382.125","382.125","435.75","435.75","435.75","","","","512.0","512.0","512.0","267.25","267.25","267.25","383.125","383.125","383.125","253.375","253.375","253.375","1015.375","1015.375","1015.375","483.125","483.125","483.125","1235.625","1235.625","1235.625","1656.0","1656.0","1656.0"
"80","512.0","512.0","512.0","413.5","413.5","413.5","484.25","484.25","484.25","","","","512.0","512.0","512.0","235.75","235.75","235.75","376.375","376.375","376.375","364.625","364.625","364.625","1226.625","1226.625","1226.625","503.75","503.75","503.75","1716.75","1716.75","1716.75","1652.75","1652.75","1652.75"
"81","512.0","512.0","512.0","447.0","447.0","447.0","425.875","425.875","425.875","","","","512.0","512.0","512.0","239.375","239.375","239.375","320.25","320.25","320.25","240.75","240.75","240.75","739.625","739.625","739.625","620.375","620.375","620.375","710.25","710.25","710.25","1064.75","1064.75","1064.75"
"82","474.375","474.375","474.375","428.125","428.125","428.125","443.0","443.0","443.0","","","","512.0","512.0","512.0","241.25","241.25","241.25","284.3125","284.3125","284.3125","247.5","247.5","247.5","907.875","907.875","907.875","550.375","550.375","550.375","1886.625","1886.625","1886.625","1202.25","1202.25","1202.25"
"84","512.0","512.0","512.0","412.375","412.375","412.375","504.75","504.75","504.75","","","","","","","245.875","245.875","245.875","382.875","382.875","382.875","262.25","262.25","262.25","1079.875","1079.875","1079.875","578.0","578.0","578.0","1857.375","1857.375","1857.375","997.75","997.75","997.75"
"85","512.0","512.0","512.0","340.0","340.0","340.0","469.375","469.375","469.375","","","","","","","253.25","253.25","253.25","256.1875","256.1875","256.1875","224.5","224.5","224.5","1408.5","1408.5","1408.5","399.625","399.625","399.625","1359.0","1359.0","1359.0","1781.0","1781.0","1781.0"
"86","512.0","512.0","512.0","453.25","453.25","453.25","423.0","423.0","423.0","","","","","","","241.625","241.625","241.625","274.0","274.0","274.0","321.5","321.5","321.5","1257.875","1257.875","1257.875","660.25","660.25","660.25","1536.75","1536.75","1536.75","1689.75","1689.75","1689.75"
"87","512.0","512.0","512.0","404.125","404.125","404.125","447.375","447.375","447.375","","","","","","","209.625","209.625","209.625","371.3125","371.3125","371.3125","306.375","306.375","306.375","1241.375","1241.375","1241.375","827.375","827.375","827.375","1416.375","1416.375","1416.375","1266.0","1266.0","1266.0"
"88","507.5","507.5","507.5","381.0","381.0","381.0","508.375","508.375","508.375","","","","","","","280.0","280.0","280.0","352.3125","352.3125","352.3125","293.75","293.75","293.75","837.375","837.375","837.375","507.25","507.25","507.25","1682.25","1682.25","1682.25","956.0","956.0","956.0"
"89","512.0","512.0","512.0","391.25","391.25","391.25","476.375","476.375","476.375","","","","","","","244.25","244.25","244.25","240.5625","240.5625","240.5625","243.375","243.375","243.375","1088.875","1088.875","1088.875","543.625","543.625","543.625","1593.25","1593.25","1593.25","1520.5","1520.5","1520.5"
"90","512.0","512.0","512.0","425.375","425.375","425.375","512.0","512.0","512.0","","","","","","","222.5","222.5","222.5","294.3125","294.3125","294.3125","250.625","250.625","250.625","1596.625","1596.625","1596.625","386.875","386.875","386.875","1209.25","1209.25","1209.25","1825.0","1825.0","1825.0"
"91","512.0","512.0","512.0","420.25","420.25","420.25","496.375","496.375","496.375","","","","","","","274.25","274.25","274.25","239.25","239.25","239.25","225.625","225.625","225.625","803.0","803.0","803.0","724.625","724.625","724.625","1603.75","1603.75","1603.75","1774.5","1774.5","1774.5"
"92","512.0","512.0","512.0","355.5","355.5","355.5","479.875","479.875","479.875","","","","","","","206.625","206.625","206.625","329.8125","329.8125","329.8125","229.5","229.5","229.5","1022.375","1022.375","1022.375","1024.0","1024.0","1024.0","1467.875","1467.875","1467.875","1230.5","1230.5","1230.5"
"93","492.125","492.125","492.125","303.75","303.75","303.75","440.75","440.75","440.75","","","","","","","224.5","224.5","224.5","292.4375","292.4375","292.4375","268.875","268.875","268.875","1138.125","1138.125","1138.125","875.5","875.5","875.5","1462.0","1462.0","1462.0","1193.0","1193.0","1193.0"
"94","465.25","465.25","465.25","428.25","428.25","428.25","491.625","491.625","491.625","","","","","","","198.375","198.375","198.375","342.0625","342.0625","342.0625","267.125","267.125","267.125","1061.75","1061.75","1061.75","602.625","602.625","602.625","2046.625","2046.625","2046.625","1101.75","1101.75","1101.75"
"95","511.75","511.75","511.75","482.375","482.375","482.375","480.5","480.5","480.5","","","","","","","205.25","205.25","205.25","257.3125","257.3125","257.3125","249.375","249.375","249.375","1026.75","1026.75","1026.75","844.875","844.875","844.875","1530.375","1530.375","1530.375","1273.5","1273.5","1273.5"
"96","485.75","485.75","485.75","354.0","354.0","354.0","473.25","473.25","473.25","","","","","","","201.625","201.625","201.625","351.5625","351.5625","351.5625","250.5","250.5","250.5","1016.375","1016.375","1016.375","1010.875","1010.875","1010.875","1205.5","1205.5","1205.5","1507.25","1507.25","1507.25"
"97","512.0","512.0","512.0","396.0","396.0","396.0","443.5","443.5","443.5","","","","","","","247.875","247.875","247.875","301.6875","301.6875","301.6875","266.125","266.125","266.125","1014.75","1014.75","1014.75","430.5","430.5","430.5","1432.625","1432.625","1432.625","1188.25","1188.25","1188.25"
"98","512.0","512.0","512.0","377.25","377.25","377.25","407.375","407.375","407.375","","","","","","","284.25","284.25","284.25","279.125","279.125","279.125","251.125","251.125","251.125","898.625","898.625","898.625","587.875","587.875","587.875","1639.125","1639.125","1639.125","1547.25","1547.25","1547.25"
"99","502.25","502.25","502.25","414.625","414.625","414.625","495.125","495.125","495.125","","","","","","","226.625","226.625","226.625","274.8125","274.8125","274.8125","394.25","394.25","394.25","808.75","808.75","808.75","464.125","464.125","464.125","2048.0","2048.0","2048.0","2007.5","2007.5","2007.5"
"100","512.0","512.0","512.0","388.5","388.5","388.5","470.5","470.5","470.5","","","","","","","243.375","243.375","243.375","256.5625","256.5625","256.5625","279.0","279.0","279.0","1292.625","1292.625","1292.625","687.0","687.0","687.0","1243.0","1243.0","1243.0","1403.0","1403.0","1403.0"