"Step","w1-baseline-fast - completion_len/mean","w1-baseline-fast - completion_len/mean__MIN","w1-baseline-fast - completion_len/mean__MAX","w1-alpha64-baseline - completion_len/mean","w1-alpha64-baseline - completion_len/mean__MIN","w1-alpha64-baseline - completion_len/mean__MAX","w1-alpha32-baseline - completion_len/mean","w1-alpha32-baseline - completion_len/mean__MIN","w1-alpha32-baseline - completion_len/mean__MAX","w1-alpha128-baseline - completion_len/mean","w1-alpha128-baseline - completion_len/mean__MIN","w1-alpha128-baseline - completion_len/mean__MAX","w1-alpha64-lr1e-5 - completion_len/mean","w1-alpha64-lr1e-5 - completion_len/mean__MIN","w1-alpha64-lr1e-5 - completion_len/mean__MAX","w1-alpha64-lr3e-6 - completion_len/mean","w1-alpha64-lr3e-6 - completion_len/mean__MIN","w1-alpha64-lr3e-6 - completion_len/mean__MAX","w1-alpha64-lr3e-6-b64-r16 - completion_len/mean","w1-alpha64-lr3e-6-b64-r16 - completion_len/mean__MIN","w1-alpha64-lr3e-6-b64-r16 - completion_len/mean__MAX","w1-alpha64-lr5e-6 - completion_len/mean","w1-alpha64-lr5e-6 - completion_len/mean__MIN","w1-alpha64-lr5e-6 - completion_len/mean__MAX","w1-alpha64-lr3e-6-2048-max-tokens - completion_len/mean","w1-alpha64-lr3e-6-2048-max-tokens - completion_len/mean__MIN","w1-alpha64-lr3e-6-2048-max-tokens - completion_len/mean__MAX","w1-alpha64-lr3e-6-1024-max-tokens - completion_len/mean","w1-alpha64-lr3e-6-1024-max-tokens - completion_len/mean__MIN","w1-alpha64-lr3e-6-1024-max-tokens - completion_len/mean__MAX","w2-alpha64-lr3e-6-2048-max-tokens-t0.15 - completion_len/mean","w2-alpha64-lr3e-6-2048-max-tokens-t0.15 - completion_len/mean__MIN","w2-alpha64-lr3e-6-2048-max-tokens-t0.15 - completion_len/mean__MAX","w2-alpha64-lr3e-6-2048-max-tokens-r4 - completion_len/mean","w2-alpha64-lr3e-6-2048-max-tokens-r4 - completion_len/mean__MIN","w2-alpha64-lr3e-6-2048-max-tokens-r4 - completion_len/mean__MAX"
"1","474.1484375","474.1484375","474.1484375","465.875","465.875","465.875","477.4765625","477.4765625","477.4765625","472.6875","472.6875","472.6875","479.984375","479.984375","479.984375","483.4453125","483.4453125","483.4453125","492.96875","492.96875","492.96875","478.765625","478.765625","478.765625","829.9208333333333","829.9208333333333","829.9208333333333","705.125","705.125","705.125","603.53125","603.53125","603.53125","588.625","588.625","588.625"
"2","495.5234375","495.5234375","495.5234375","490.15625","490.15625","490.15625","483.875","483.875","483.875","481.3125","481.3125","481.3125","486.5390625","486.5390625","486.5390625","484.5546875","484.5546875","484.5546875","468.609375","468.609375","468.609375","487.5083333333333","487.5083333333333","487.5083333333333","770.5","770.5","770.5","750.90625","750.90625","750.90625","856.9375","856.9375","856.9375","822.7421875","822.7421875","822.7421875"
"3","479.453125","479.453125","479.453125","487.53125","487.53125","487.53125","459.0234375","459.0234375","459.0234375","482.171875","482.171875","482.171875","491.4296875","491.4296875","491.4296875","474.140625","474.140625","474.140625","465.015625","465.015625","465.015625","491.7421875","491.7421875","491.7421875","828.53125","828.53125","828.53125","651.6328125","651.6328125","651.6328125","762.296875","762.296875","762.296875","851.1484375","851.1484375","851.1484375"
"4","484.640625","484.640625","484.640625","486.37083333333334","486.37083333333334","486.37083333333334","470.0078125","470.0078125","470.0078125","471.5703125","471.5703125","471.5703125","474.203125","474.203125","474.203125","478.984375","478.984375","478.984375","472.625","472.625","472.625","482.5","482.5","482.5","768.2578125","768.2578125","768.2578125","722.6640625","722.6640625","722.6640625","787.3828125","787.3828125","787.3828125","754.7109375","754.7109375","754.7109375"
"5","465.1328125","465.1328125","465.1328125","477.609375","477.609375","477.609375","488.6484375","488.6484375","488.6484375","489.9140625","489.9140625","489.9140625","470.8203125","470.8203125","470.8203125","467.7265625","467.7265625","467.7265625","494.484375","494.484375","494.484375","476.65625","476.65625","476.65625","785.9375","785.9375","785.9375","665.825","665.825","665.825","808.515625","808.515625","808.515625","802.25","802.25","802.25"
"6","486.34375","486.34375","486.34375","485.625","485.625","485.625","481.5390625","481.5390625","481.5390625","475.21875","475.21875","475.21875","467.078125","467.078125","467.078125","482.46875","482.46875","482.46875","455.921875","455.921875","455.921875","466.90625","466.90625","466.90625","1019.234375","1019.234375","1019.234375","723.6796875","723.6796875","723.6796875","935.3828125","935.3828125","935.3828125","935.609375","935.609375","935.609375"
"7","474.390625","474.390625","474.390625","480.3203125","480.3203125","480.3203125","473.359375","473.359375","473.359375","483.8515625","483.8515625","483.8515625","397.0546875","397.0546875","397.0546875","477.4140625","477.4140625","477.4140625","456.109375","456.109375","456.109375","468.0078125","468.0078125","468.0078125","825.421875","825.421875","825.421875","676.421875","676.421875","676.421875","807.6875","807.6875","807.6875","809.5234375","809.5234375","809.5234375"
"8","482.6328125","482.6328125","482.6328125","478.2421875","478.2421875","478.2421875","474.5390625","474.5390625","474.5390625","481.0390625","481.0390625","481.0390625","397.65625","397.65625","397.65625","450.4453125","450.4453125","450.4453125","437.46875","437.46875","437.46875","414.25","414.25","414.25","930.25","930.25","930.25","751.703125","751.703125","751.703125","778.8515625","778.8515625","778.8515625","874.0546875","874.0546875","874.0546875"
"9","471.4166666666667","471.4166666666667","471.4166666666667","482.65625","482.65625","482.65625","487.5546875","487.5546875","487.5546875","472.4458333333333","472.4458333333333","472.4458333333333","348.9609375","348.9609375","348.9609375","414.7734375","414.7734375","414.7734375","394.71875","394.71875","394.71875","424.734375","424.734375","424.734375","774.40625","774.40625","774.40625","684.9921875","684.9921875","684.9921875","738.7421875","738.7421875","738.7421875","814.5","814.5","814.5"
"10","482.9375","482.9375","482.9375","466.3515625","466.3515625","466.3515625","472.0625","472.0625","472.0625","437.890625","437.890625","437.890625","336.9921875","336.9921875","336.9921875","422.51785714285717","422.51785714285717","422.51785714285717","389.09375","389.09375","389.09375","409.0625","409.0625","409.0625","814.8515625","814.8515625","814.8515625","643.203125","643.203125","643.203125","759.90625","759.90625","759.90625","776.15625","776.15625","776.15625"
"11","467.1640625","467.1640625","467.1640625","457.03125","457.03125","457.03125","470.71875","470.71875","470.71875","446.7890625","446.7890625","446.7890625","350.9296875","350.9296875","350.9296875","378.0078125","378.0078125","378.0078125","340.265625","340.265625","340.265625","381.3828125","381.3828125","381.3828125","807.4296875","807.4296875","807.4296875","569.2109375","569.2109375","569.2109375","982.3828125","982.3828125","982.3828125","881.5766129032259","881.5766129032259","881.5766129032259"
"12","468.953125","468.953125","468.953125","457.59375","457.59375","457.59375","470.48333333333335","470.48333333333335","470.48333333333335","444.1796875","444.1796875","444.1796875","290.40625","290.40625","290.40625","352.6875","352.6875","352.6875","352.1875","352.1875","352.1875","383.3125","383.3125","383.3125","879.15625","879.15625","879.15625","550.1953125","550.1953125","550.1953125","793.8046875","793.8046875","793.8046875","786.8984375","786.8984375","786.8984375"
"13","482.2578125","482.2578125","482.2578125","464.0390625","464.0390625","464.0390625","460.0546875","460.0546875","460.0546875","439.125","439.125","439.125","308.40625","308.40625","308.40625","340.015625","340.015625","340.015625","421.84375","421.84375","421.84375","386.3203125","386.3203125","386.3203125","858.3359375","858.3359375","858.3359375","540.9296875","540.9296875","540.9296875","852.8203125","852.8203125","852.8203125","844.1129032258065","844.1129032258065","844.1129032258065"
"14","482.65625","482.65625","482.65625","454.453125","454.453125","454.453125","472.859375","472.859375","472.859375","430.703125","430.703125","430.703125","286.3046875","286.3046875","286.3046875","369.3828125","369.3828125","369.3828125","395.1875","395.1875","395.1875","399.8984375","399.8984375","399.8984375","742.3359375","742.3359375","742.3359375","587.90625","587.90625","587.90625","792.1375","792.1375","792.1375","713.421875","713.421875","713.421875"
"15","469.7265625","469.7265625","469.7265625","435.8125","435.8125","435.8125","464.9921875","464.9921875","464.9921875","382.328125","382.328125","382.328125","278.953125","278.953125","278.953125","362.359375","362.359375","362.359375","432.875","432.875","432.875","331.484375","331.484375","331.484375","802.5859375","802.5859375","802.5859375","400.2734375","400.2734375","400.2734375","831.546875","831.546875","831.546875","796.515625","796.515625","796.515625"
"16","488.6484375","488.6484375","488.6484375","431.7734375","431.7734375","431.7734375","454.390625","454.390625","454.390625","356.078125","356.078125","356.078125","278.75","278.75","278.75","353.8515625","353.8515625","353.8515625","325.78125","325.78125","325.78125","357.0078125","357.0078125","357.0078125","761.1796875","761.1796875","761.1796875","475.171875","475.171875","475.171875","930.5078125","930.5078125","930.5078125","823.2137096774194","823.2137096774194","823.2137096774194"
"17","472.6328125","472.6328125","472.6328125","439.625","439.625","439.625","462.21875","462.21875","462.21875","365.859375","365.859375","365.859375","266.3671875","266.3671875","266.3671875","363.2578125","363.2578125","363.2578125","386.859375","386.859375","386.859375","349.1796875","349.1796875","349.1796875","837.265625","837.265625","837.265625","461.5703125","461.5703125","461.5703125","820.4708333333333","820.4708333333333","820.4708333333333","904.6640625","904.6640625","904.6640625"
"18","478.015625","478.015625","478.015625","441.015625","441.015625","441.015625","480.625","480.625","480.625","350.1015625","350.1015625","350.1015625","253.296875","253.296875","253.296875","315.8125","315.8125","315.8125","314.109375","314.109375","314.109375","318.203125","318.203125","318.203125","800.046875","800.046875","800.046875","503.390625","503.390625","503.390625","940.78125","940.78125","940.78125","908.9921875","908.9921875","908.9921875"
"19","481.6328125","481.6328125","481.6328125","433.28125","433.28125","433.28125","449.734375","449.734375","449.734375","399.6171875","399.6171875","399.6171875","266.7734375","266.7734375","266.7734375","317.078125","317.078125","317.078125","400.640625","400.640625","400.640625","334.84375","334.84375","334.84375","713.984375","713.984375","713.984375","375.4375","375.4375","375.4375","901.0546875","901.0546875","901.0546875","840.8203125","840.8203125","840.8203125"
"20","489.90625","489.90625","489.90625","396.8125","396.8125","396.8125","450.0234375","450.0234375","450.0234375","363.484375","363.484375","363.484375","244.546875","244.546875","244.546875","285.3671875","285.3671875","285.3671875","325.46875","325.46875","325.46875","327.578125","327.578125","327.578125","851.828125","851.828125","851.828125","476.7578125","476.7578125","476.7578125","910.8828125","910.8828125","910.8828125","871.5859375","871.5859375","871.5859375"
"21","469.890625","469.890625","469.890625","382.5234375","382.5234375","382.5234375","450.4375","450.4375","450.4375","385.828125","385.828125","385.828125","178.4453125","178.4453125","178.4453125","362.7578125","362.7578125","362.7578125","331.71875","331.71875","331.71875","319.8671875","319.8671875","319.8671875","795.578125","795.578125","795.578125","444.5546875","444.5546875","444.5546875","897.6640625","897.6640625","897.6640625","894.1008064516129","894.1008064516129","894.1008064516129"
"22","482.3125","482.3125","482.3125","404.4453125","404.4453125","404.4453125","462.1640625","462.1640625","462.1640625","395.7578125","395.7578125","395.7578125","196.8125","196.8125","196.8125","305.40625","305.40625","305.40625","360.90625","360.90625","360.90625","322.6953125","322.6953125","322.6953125","795.3984375","795.3984375","795.3984375","374.0","374.0","374.0","827.3359375","827.3359375","827.3359375","871.375","871.375","871.375"
"23","476.875","476.875","476.875","376.09375","376.09375","376.09375","438.53125","438.53125","438.53125","322.703125","322.703125","322.703125","197.3203125","197.3203125","197.3203125","309.515625","309.515625","309.515625","364.921875","364.921875","364.921875","317.984375","317.984375","317.984375","885.3671875","885.3671875","885.3671875","447.2421875","447.2421875","447.2421875","759.671875","759.671875","759.671875","877.0234375","877.0234375","877.0234375"
"24","473.453125","473.453125","473.453125","358.421875","358.421875","358.421875","427.6640625","427.6640625","427.6640625","354.515625","354.515625","354.515625","213.08333333333334","213.08333333333334","213.08333333333334","316.1015625","316.1015625","316.1015625","301.984375","301.984375","301.984375","290.3125","290.3125","290.3125","788.3828125","788.3828125","788.3828125","446.828125","446.828125","446.828125","781.140625","781.140625","781.140625","839.6484375","839.6484375","839.6484375"
"25","486.5390625","486.5390625","486.5390625","377.1953125","377.1953125","377.1953125","421.2890625","421.2890625","421.2890625","330.8828125","330.8828125","330.8828125","214.4765625","214.4765625","214.4765625","287.09375","287.09375","287.09375","311.171875","311.171875","311.171875","279.59375","279.59375","279.59375","779.484375","779.484375","779.484375","416.1484375","416.1484375","416.1484375","850.09375","850.09375","850.09375","824.5078125","824.5078125","824.5078125"
"26","481.7265625","481.7265625","481.7265625","382.453125","382.453125","382.453125","425.4140625","425.4140625","425.4140625","336.421875","336.421875","336.421875","200.5703125","200.5703125","200.5703125","296.390625","296.390625","296.390625","332.09375","332.09375","332.09375","293.8984375","293.8984375","293.8984375","811.6171875","811.6171875","811.6171875","366.1484375","366.1484375","366.1484375","918.0703125","918.0703125","918.0703125","874.8671875","874.8671875","874.8671875"
"27","480.234375","480.234375","480.234375","379.2421875","379.2421875","379.2421875","413.859375","413.859375","413.859375","336.453125","336.453125","336.453125","183.90625","183.90625","183.90625","291.8828125","291.8828125","291.8828125","369.28125","369.28125","369.28125","315.5234375","315.5234375","315.5234375","677.25","677.25","677.25","360.875","360.875","360.875","817.1328125","817.1328125","817.1328125","840.8515625","840.8515625","840.8515625"
"28","471.51666666666665","471.51666666666665","471.51666666666665","412.6640625","412.6640625","412.6640625","406.03125","406.03125","406.03125","327.2578125","327.2578125","327.2578125","166.59375","166.59375","166.59375","287.3046875","287.3046875","287.3046875","362.625","362.625","362.625","302.0390625","302.0390625","302.0390625","770.484375","770.484375","770.484375","352.328125","352.328125","352.328125","1138.5390625","1138.5390625","1138.5390625","804.1171875","804.1171875","804.1171875"
"29","466.8671875","466.8671875","466.8671875","352.56666666666666","352.56666666666666","352.56666666666666","430.3046875","430.3046875","430.3046875","347.265625","347.265625","347.265625","165.4140625","165.4140625","165.4140625","319.703125","319.703125","319.703125","296.734375","296.734375","296.734375","285.6328125","285.6328125","285.6328125","629.390625","629.390625","629.390625","341.5390625","341.5390625","341.5390625","853.4375","853.4375","853.4375","773.4140625","773.4140625","773.4140625"
"30","478.7734375","478.7734375","478.7734375","370.37083333333334","370.37083333333334","370.37083333333334","410.9765625","410.9765625","410.9765625","311.2890625","311.2890625","311.2890625","162.2890625","162.2890625","162.2890625","300.6875","300.6875","300.6875","326.34375","326.34375","326.34375","279.703125","279.703125","279.703125","772.328125","772.328125","772.328125","372.546875","372.546875","372.546875","760.5390625","760.5390625","760.5390625","772.4354838709677","772.4354838709677","772.4354838709677"
"32","464.734375","464.734375","464.734375","352.0","352.0","352.0","381.09375","381.09375","381.09375","353.8125","353.8125","353.8125","160.75","160.75","160.75","267.71875","267.71875","267.71875","331.265625","331.265625","331.265625","272.765625","272.765625","272.765625","833.2265625","833.2265625","833.2265625","343.234375","343.234375","343.234375","902.5","902.5","902.5","953.3828125","953.3828125","953.3828125"
"33","475.640625","475.640625","475.640625","355.8359375","355.8359375","355.8359375","411.109375","411.109375","411.109375","287.2421875","287.2421875","287.2421875","186.484375","186.484375","186.484375","270.6484375","270.6484375","270.6484375","311.15625","311.15625","311.15625","281.4921875","281.4921875","281.4921875","831.9140625","831.9140625","831.9140625","390.046875","390.046875","390.046875","782.421875","782.421875","782.421875","817.5703125","817.5703125","817.5703125"
"34","456.3125","456.3125","456.3125","307.9453125","307.9453125","307.9453125","393.703125","393.703125","393.703125","323.421875","323.421875","323.421875","156.6796875","156.6796875","156.6796875","261.46875","261.46875","261.46875","307.125","307.125","307.125","293.2578125","293.2578125","293.2578125","718.7625","718.7625","718.7625","382.4609375","382.4609375","382.4609375","825.078125","825.078125","825.078125","763.35","763.35","763.35"
"35","465.8046875","465.8046875","465.8046875","368.1640625","368.1640625","368.1640625","387.0390625","387.0390625","387.0390625","334.65416666666664","334.65416666666664","334.65416666666664","157.1796875","157.1796875","157.1796875","278.5546875","278.5546875","278.5546875","293.296875","293.296875","293.296875","264.40625","264.40625","264.40625","800.5234375","800.5234375","800.5234375","362.3984375","362.3984375","362.3984375","871.6015625","871.6015625","871.6015625","723.3515625","723.3515625","723.3515625"
"36","438.3515625","438.3515625","438.3515625","391.875","391.875","391.875","412.390625","412.390625","412.390625","364.40625","364.40625","364.40625","177.4453125","177.4453125","177.4453125","278.9140625","278.9140625","278.9140625","325.796875","325.796875","325.796875","270.125","270.125","270.125","797.640625","797.640625","797.640625","359.2890625","359.2890625","359.2890625","869.7578125","869.7578125","869.7578125","809.328125","809.328125","809.328125"
"37","457.9296875","457.9296875","457.9296875","365.2890625","365.2890625","365.2890625","373.8671875","373.8671875","373.8671875","321.7578125","321.7578125","321.7578125","149.2875","149.2875","149.2875","269.3875","269.3875","269.3875","289.125","289.125","289.125","301.3203125","301.3203125","301.3203125","826.984375","826.984375","826.984375","431.7265625","431.7265625","431.7265625","830.4958333333333","830.4958333333333","830.4958333333333","737.625","737.625","737.625"
"38","471.953125","471.953125","471.953125","341.578125","341.578125","341.578125","379.1328125","379.1328125","379.1328125","306.296875","306.296875","306.296875","170.8046875","170.8046875","170.8046875","305.6640625","305.6640625","305.6640625","304.09375","304.09375","304.09375","269.5","269.5","269.5","852.890625","852.890625","852.890625","363.140625","363.140625","363.140625","862.09375","862.09375","862.09375","691.515625","691.515625","691.515625"
"39","432.0","432.0","432.0","336.4296875","336.4296875","336.4296875","385.2421875","385.2421875","385.2421875","311.2421875","311.2421875","311.2421875","165.40625","165.40625","165.40625","278.578125","278.578125","278.578125","257.328125","257.328125","257.328125","249.015625","249.015625","249.015625","971.6015625","971.6015625","971.6015625","397.296875","397.296875","397.296875","772.078125","772.078125","772.078125","663.1953125","663.1953125","663.1953125"
"40","458.25","458.25","458.25","366.640625","366.640625","366.640625","395.1328125","395.1328125","395.1328125","284.046875","284.046875","284.046875","173.1953125","173.1953125","173.1953125","264.71875","264.71875","264.71875","295.421875","295.421875","295.421875","250.0859375","250.0859375","250.0859375","833.1171875","833.1171875","833.1171875","331.234375","331.234375","331.234375","844.890625","844.890625","844.890625","697.859375","697.859375","697.859375"
"41","457.9609375","457.9609375","457.9609375","350.1953125","350.1953125","350.1953125","381.5546875","381.5546875","381.5546875","305.703125","305.703125","305.703125","160.3046875","160.3046875","160.3046875","263.9765625","263.9765625","263.9765625","358.375","358.375","358.375","263.4453125","263.4453125","263.4453125","898.5703125","898.5703125","898.5703125","362.4375","362.4375","362.4375","802.421875","802.421875","802.421875","700.4921875","700.4921875","700.4921875"
"42","473.453125","473.453125","473.453125","368.5859375","368.5859375","368.5859375","396.1953125","396.1953125","396.1953125","302.9765625","302.9765625","302.9765625","156.4609375","156.4609375","156.4609375","272.125","272.125","272.125","297.046875","297.046875","297.046875","262.9296875","262.9296875","262.9296875","874.7265625","874.7265625","874.7265625","331.5","331.5","331.5","876.359375","876.359375","876.359375","604.6640625","604.6640625","604.6640625"
"43","471.78125","471.78125","471.78125","342.53125","342.53125","342.53125","361.203125","361.203125","361.203125","294.828125","294.828125","294.828125","167.80416666666667","167.80416666666667","167.80416666666667","286.3046875","286.3046875","286.3046875","289.53125","289.53125","289.53125","252.1953125","252.1953125","252.1953125","871.6796875","871.6796875","871.6796875","365.28125","365.28125","365.28125","988.125","988.125","988.125","672.71875","672.71875","672.71875"
"44","466.578125","466.578125","466.578125","324.12083333333334","324.12083333333334","324.12083333333334","393.8203125","393.8203125","393.8203125","286.75","286.75","286.75","153.3984375","153.3984375","153.3984375","261.6015625","261.6015625","261.6015625","323.59375","323.59375","323.59375","250.78125","250.78125","250.78125","900.5078125","900.5078125","900.5078125","357.5234375","357.5234375","357.5234375","896.296875","896.296875","896.296875","749.4453125","749.4453125","749.4453125"
"45","444.078125","444.078125","444.078125","340.6171875","340.6171875","340.6171875","367.8125","367.8125","367.8125","302.0546875","302.0546875","302.0546875","167.5859375","167.5859375","167.5859375","257.8515625","257.8515625","257.8515625","319.828125","319.828125","319.828125","256.8828125","256.8828125","256.8828125","835.1875","835.1875","835.1875","355.171875","355.171875","355.171875","921.359375","921.359375","921.359375","654.515625","654.515625","654.515625"
"46","448.7265625","448.7265625","448.7265625","336.765625","336.765625","336.765625","364.1015625","364.1015625","364.1015625","293.078125","293.078125","293.078125","169.46875","169.46875","169.46875","261.5","261.5","261.5","271.21875","271.21875","271.21875","258.8958333333333","258.8958333333333","258.8958333333333","784.8515625","784.8515625","784.8515625","339.1640625","339.1640625","339.1640625","750.2578125","750.2578125","750.2578125","637.2109375","637.2109375","637.2109375"
"47","438.8671875","438.8671875","438.8671875","339.3828125","339.3828125","339.3828125","354.125","354.125","354.125","299.09375","299.09375","299.09375","168.0625","168.0625","168.0625","276.34375","276.34375","276.34375","245.765625","245.765625","245.765625","277.5","277.5","277.5","842.921875","842.921875","842.921875","415.7890625","415.7890625","415.7890625","866.875","866.875","866.875","663.1484375","663.1484375","663.1484375"
"48","463.7109375","463.7109375","463.7109375","327.9375","327.9375","327.9375","330.0390625","330.0390625","330.0390625","294.609375","294.609375","294.609375","167.1015625","167.1015625","167.1015625","272.6796875","272.6796875","272.6796875","303.578125","303.578125","303.578125","281.296875","281.296875","281.296875","902.7109375","902.7109375","902.7109375","326.796875","326.796875","326.796875","824.609375","824.609375","824.609375","719.9453125","719.9453125","719.9453125"
"49","456.2734375","456.2734375","456.2734375","345.296875","345.296875","345.296875","375.2109375","375.2109375","375.2109375","307.640625","307.640625","307.640625","153.3203125","153.3203125","153.3203125","247.671875","247.671875","247.671875","342.015625","342.015625","342.015625","243.921875","243.921875","243.921875","994.171875","994.171875","994.171875","350.8828125","350.8828125","350.8828125","792.7265625","792.7265625","792.7265625","599.0766129032259","599.0766129032259","599.0766129032259"
"50","449.8828125","449.8828125","449.8828125","330.1953125","330.1953125","330.1953125","381.1328125","381.1328125","381.1328125","282.265625","282.265625","282.265625","189.7578125","189.7578125","189.7578125","245.5390625","245.5390625","245.5390625","283.265625","283.265625","283.265625","259.6796875","259.6796875","259.6796875","826.0458333333333","826.0458333333333","826.0458333333333","301.2578125","301.2578125","301.2578125","796.5234375","796.5234375","796.5234375","637.5390625","637.5390625","637.5390625"
"51","448.7578125","448.7578125","448.7578125","328.5546875","328.5546875","328.5546875","377.328125","377.328125","377.328125","316.40625","316.40625","316.40625","150.2578125","150.2578125","150.2578125","265.15625","265.15625","265.15625","268.5625","268.5625","268.5625","257.8125","257.8125","257.8125","817.1640625","817.1640625","817.1640625","345.71875","345.71875","345.71875","931.734375","931.734375","931.734375","622.21875","622.21875","622.21875"
"52","452.9375","452.9375","452.9375","330.5078125","330.5078125","330.5078125","357.4453125","357.4453125","357.4453125","294.8359375","294.8359375","294.8359375","97.6484375","97.6484375","97.6484375","248.9296875","248.9296875","248.9296875","332.59375","332.59375","332.59375","272.7109375","272.7109375","272.7109375","844.96875","844.96875","844.96875","379.2890625","379.2890625","379.2890625","1032.953125","1032.953125","1032.953125","592.1171875","592.1171875","592.1171875"
"53","424.65625","424.65625","424.65625","330.1484375","330.1484375","330.1484375","364.859375","364.859375","364.859375","266.7265625","266.7265625","266.7265625","92.921875","92.921875","92.921875","250.125","250.125","250.125","260.765625","260.765625","260.765625","282.4609375","282.4609375","282.4609375","876.5","876.5","876.5","321.5859375","321.5859375","321.5859375","815.9765625","815.9765625","815.9765625","710.984375","710.984375","710.984375"
"54","440.2578125","440.2578125","440.2578125","328.5390625","328.5390625","328.5390625","369.3828125","369.3828125","369.3828125","303.5390625","303.5390625","303.5390625","84.7421875","84.7421875","84.7421875","254.9375","254.9375","254.9375","271.890625","271.890625","271.890625","276.7734375","276.7734375","276.7734375","747.90625","747.90625","747.90625","351.9765625","351.9765625","351.9765625","910.6015625","910.6015625","910.6015625","735.953125","735.953125","735.953125"
"55","451.3359375","451.3359375","451.3359375","338.578125","338.578125","338.578125","352.40625","352.40625","352.40625","285.8671875","285.8671875","285.8671875","86.40625","86.40625","86.40625","247.5390625","247.5390625","247.5390625","296.3125","296.3125","296.3125","252.359375","252.359375","252.359375","761.90625","761.90625","761.90625","340.359375","340.359375","340.359375","761.296875","761.296875","761.296875","606.34375","606.34375","606.34375"
"56","442.265625","442.265625","442.265625","313.0234375","313.0234375","313.0234375","353.703125","353.703125","353.703125","270.15625","270.15625","270.15625","87.3671875","87.3671875","87.3671875","235.515625","235.515625","235.515625","258.4375","258.4375","258.4375","226.4765625","226.4765625","226.4765625","869.3828125","869.3828125","869.3828125","334.171875","334.171875","334.171875","926.6328125","926.6328125","926.6328125","621.6640625","621.6640625","621.6640625"
"58","434.546875","434.546875","434.546875","325.6015625","325.6015625","325.6015625","355.0703125","355.0703125","355.0703125","265.4609375","265.4609375","265.4609375","68.1328125","68.1328125","68.1328125","234.8125","234.8125","234.8125","228.59375","228.59375","228.59375","237.1171875","237.1171875","237.1171875","697.1484375","697.1484375","697.1484375","342.1484375","342.1484375","342.1484375","849.0390625","849.0390625","849.0390625","699.9296875","699.9296875","699.9296875"
"59","419.6796875","419.6796875","419.6796875","302.7890625","302.7890625","302.7890625","379.578125","379.578125","379.578125","296.90625","296.90625","296.90625","78.3828125","78.3828125","78.3828125","220.0390625","220.0390625","220.0390625","282.28125","282.28125","282.28125","241.7265625","241.7265625","241.7265625","661.375","661.375","661.375","337.4453125","337.4453125","337.4453125","723.4609375","723.4609375","723.4609375","654.03125","654.03125","654.03125"
"60","455.953125","455.953125","455.953125","315.0541666666667","315.0541666666667","315.0541666666667","366.7578125","366.7578125","366.7578125","284.640625","284.640625","284.640625","59.375","59.375","59.375","218.203125","218.203125","218.203125","264.875","264.875","264.875","226.8359375","226.8359375","226.8359375","809.1171875","809.1171875","809.1171875","345.109375","345.109375","345.109375","900.6328125","900.6328125","900.6328125","730.1796875","730.1796875","730.1796875"
"61","439.6796875","439.6796875","439.6796875","305.78125","305.78125","305.78125","356.9296875","356.9296875","356.9296875","297.4140625","297.4140625","297.4140625","72.8046875","72.8046875","72.8046875","207.515625","207.515625","207.515625","250.90625","250.90625","250.90625","225.9375","225.9375","225.9375","851.84375","851.84375","851.84375","319.9453125","319.9453125","319.9453125","945.15625","945.15625","945.15625","682.8125","682.8125","682.8125"
"62","451.1796875","451.1796875","451.1796875","346.640625","346.640625","346.640625","380.046875","380.046875","380.046875","303.7421875","303.7421875","303.7421875","72.703125","72.703125","72.703125","208.546875","208.546875","208.546875","240.125","240.125","240.125","226.25","226.25","226.25","755.078125","755.078125","755.078125","315.0625","315.0625","315.0625","969.4375","969.4375","969.4375","636.5078125","636.5078125","636.5078125"
"63","438.0","438.0","438.0","298.78125","298.78125","298.78125","323.28125","323.28125","323.28125","275.2109375","275.2109375","275.2109375","71.9609375","71.9609375","71.9609375","215.609375","215.609375","215.609375","213.109375","213.109375","213.109375","217.8828125","217.8828125","217.8828125","708.8708333333333","708.8708333333333","708.8708333333333","320.8515625","320.8515625","320.8515625","862.8984375","862.8984375","862.8984375","626.4777777777779","626.4777777777779","626.4777777777779"
"64","434.3515625","434.3515625","434.3515625","338.5625","338.5625","338.5625","370.453125","370.453125","370.453125","257.703125","257.703125","257.703125","73.921875","73.921875","73.921875","214.44166666666666","214.44166666666666","214.44166666666666","285.953125","285.953125","285.953125","230.328125","230.328125","230.328125","810.7109375","810.7109375","810.7109375","343.1875","343.1875","343.1875","867.234375","867.234375","867.234375","607.1015625","607.1015625","607.1015625"
"65","437.203125","437.203125","437.203125","327.9","327.9","327.9","373.140625","373.140625","373.140625","286.34375","286.34375","286.34375","74.3984375","74.3984375","74.3984375","206.2265625","206.2265625","206.2265625","265.8125","265.8125","265.8125","230.046875","230.046875","230.046875","806.359375","806.359375","806.359375","353.8203125","353.8203125","353.8203125","965.1640625","965.1640625","965.1640625","637.2208333333333","637.2208333333333","637.2208333333333"
"66","444.4765625","444.4765625","444.4765625","316.6875","316.6875","316.6875","354.203125","354.203125","354.203125","267.4609375","267.4609375","267.4609375","77.8359375","77.8359375","77.8359375","207.1015625","207.1015625","207.1015625","298.75","298.75","298.75","214.0625","214.0625","214.0625","648.34375","648.34375","648.34375","346.1328125","346.1328125","346.1328125","886.21875","886.21875","886.21875","706.90625","706.90625","706.90625"
"67","430.4609375","430.4609375","430.4609375","307.1640625","307.1640625","307.1640625","356.953125","356.953125","356.953125","279.65625","279.65625","279.65625","74.53125","74.53125","74.53125","200.9765625","200.9765625","200.9765625","283.3125","283.3125","283.3125","212.63333333333333","212.63333333333333","212.63333333333333","705.3515625","705.3515625","705.3515625","364.72083333333336","364.72083333333336","364.72083333333336","846.828125","846.828125","846.828125","719.1048387096774","719.1048387096774","719.1048387096774"
"68","419.6640625","419.6640625","419.6640625","323.87083333333334","323.87083333333334","323.87083333333334","336.40625","336.40625","336.40625","277.0703125","277.0703125","277.0703125","74.6875","74.6875","74.6875","197.921875","197.921875","197.921875","232.21875","232.21875","232.21875","216.59375","216.59375","216.59375","816.1484375","816.1484375","816.1484375","343.1640625","343.1640625","343.1640625","929.34375","929.34375","929.34375","570.6048387096774","570.6048387096774","570.6048387096774"
"69","409.390625","409.390625","409.390625","306.1640625","306.1640625","306.1640625","383.0546875","383.0546875","383.0546875","263.734375","263.734375","263.734375","73.40625","73.40625","73.40625","199.703125","199.703125","199.703125","234.78125","234.78125","234.78125","236.421875","236.421875","236.421875","684.828125","684.828125","684.828125","343.5546875","343.5546875","343.5546875","955.5859375","955.5859375","955.5859375","765.234375","765.234375","765.234375"
"70","431.890625","431.890625","431.890625","301.859375","301.859375","301.859375","352.6328125","352.6328125","352.6328125","264.3671875","264.3671875","264.3671875","72.62083333333334","72.62083333333334","72.62083333333334","202.6640625","202.6640625","202.6640625","250.5625","250.5625","250.5625","184.9140625","184.9140625","184.9140625","604.3046875","604.3046875","604.3046875","351.4609375","351.4609375","351.4609375","905.0390625","905.0390625","905.0390625","637.4609375","637.4609375","637.4609375"
"71","431.1015625","431.1015625","431.1015625","284.328125","284.328125","284.328125","323.296875","323.296875","323.296875","","","","92.3984375","92.3984375","92.3984375","193.796875","193.796875","193.796875","260.578125","260.578125","260.578125","211.2578125","211.2578125","211.2578125","648.625","648.625","648.625","310.25","310.25","310.25","766.921875","766.921875","766.921875","647.1484375","647.1484375","647.1484375"
"72","414.5625","414.5625","414.5625","285.4453125","285.4453125","285.4453125","339.71875","339.71875","339.71875","","","","82.640625","82.640625","82.640625","205.0859375","205.0859375","205.0859375","232.296875","232.296875","232.296875","195.28125","195.28125","195.28125","733.5625","733.5625","733.5625","363.734375","363.734375","363.734375","961.3125","961.3125","961.3125","691.421875","691.421875","691.421875"
"73","427.4140625","427.4140625","427.4140625","300.578125","300.578125","300.578125","347.234375","347.234375","347.234375","","","","102.3125","102.3125","102.3125","187.828125","187.828125","187.828125","284.84375","284.84375","284.84375","227.5859375","227.5859375","227.5859375","661.1640625","661.1640625","661.1640625","324.0","324.0","324.0","917.546875","917.546875","917.546875","692.203125","692.203125","692.203125"
"74","426.7265625","426.7265625","426.7265625","298.8958333333333","298.8958333333333","298.8958333333333","369.1953125","369.1953125","369.1953125","","","","132.7265625","132.7265625","132.7265625","194.3125","194.3125","194.3125","232.296875","232.296875","232.296875","211.234375","211.234375","211.234375","667.484375","667.484375","667.484375","332.6328125","332.6328125","332.6328125","859.9375","859.9375","859.9375","577.2265625","577.2265625","577.2265625"
"75","415.25","415.25","415.25","294.453125","294.453125","294.453125","377.5703125","377.5703125","377.5703125","","","","173.5390625","173.5390625","173.5390625","201.8984375","201.8984375","201.8984375","255.921875","255.921875","255.921875","193.1015625","193.1015625","193.1015625","716.453125","716.453125","716.453125","353.421875","353.421875","353.421875","1114.921875","1114.921875","1114.921875","725.9140625","725.9140625","725.9140625"
"76","429.3203125","429.3203125","429.3203125","280.6328125","280.6328125","280.6328125","316.77916666666664","316.77916666666664","316.77916666666664","","","","227.8984375","227.8984375","227.8984375","201.6484375","201.6484375","201.6484375","251.125","251.125","251.125","212.046875","212.046875","212.046875","828.1640625","828.1640625","828.1640625","320.7421875","320.7421875","320.7421875","1076.9140625","1076.9140625","1076.9140625","614.390625","614.390625","614.390625"
"77","422.578125","422.578125","422.578125","297.546875","297.546875","297.546875","366.8671875","366.8671875","366.8671875","","","","512.0","512.0","512.0","193.3515625","193.3515625","193.3515625","248.40625","248.40625","248.40625","206.078125","206.078125","206.078125","655.1796875","655.1796875","655.1796875","345.0390625","345.0390625","345.0390625","916.5390625","916.5390625","916.5390625","717.1875","717.1875","717.1875"
"78","411.8984375","411.8984375","411.8984375","288.6484375","288.6484375","288.6484375","340.8203125","340.8203125","340.8203125","","","","512.0","512.0","512.0","204.796875","204.796875","204.796875","293.28125","293.28125","293.28125","199.9296875","199.9296875","199.9296875","678.03125","678.03125","678.03125","349.6328125","349.6328125","349.6328125","953.3203125","953.3203125","953.3203125","677.4765625","677.4765625","677.4765625"
"79","438.4375","438.4375","438.4375","283.8671875","283.8671875","283.8671875","347.359375","347.359375","347.359375","","","","512.0","512.0","512.0","199.40625","199.40625","199.40625","315.15625","315.15625","315.15625","214.1484375","214.1484375","214.1484375","628.953125","628.953125","628.953125","308.484375","308.484375","308.484375","808.4791666666666","808.4791666666666","808.4791666666666","667.5078125","667.5078125","667.5078125"
"80","430.1640625","430.1640625","430.1640625","279.40625","279.40625","279.40625","327.9140625","327.9140625","327.9140625","","","","512.0","512.0","512.0","184.84375","184.84375","184.84375","259.640625","259.640625","259.640625","215.2734375","215.2734375","215.2734375","658.71875","658.71875","658.71875","349.89166666666665","349.89166666666665","349.89166666666665","881.1171875","881.1171875","881.1171875","724.984375","724.984375","724.984375"
"81","423.3828125","423.3828125","423.3828125","281.6796875","281.6796875","281.6796875","345.765625","345.765625","345.765625","","","","512.0","512.0","512.0","197.0390625","197.0390625","197.0390625","252.40625","252.40625","252.40625","196.6875","196.6875","196.6875","580.2734375","580.2734375","580.2734375","320.96875","320.96875","320.96875","630.4375","630.4375","630.4375","645.078125","645.078125","645.078125"
"82","416.1875","416.1875","416.1875","294.6640625","294.6640625","294.6640625","342.7734375","342.7734375","342.7734375","","","","512.0","512.0","512.0","189.84375","189.84375","189.84375","237.984375","237.984375","237.984375","192.515625","192.515625","192.515625","531.359375","531.359375","531.359375","310.8515625","310.8515625","310.8515625","862.0546875","862.0546875","862.0546875","636.1015625","636.1015625","636.1015625"
"84","406.1953125","406.1953125","406.1953125","282.6015625","282.6015625","282.6015625","321.5078125","321.5078125","321.5078125","","","","","","","198.2625","198.2625","198.2625","319.9375","319.9375","319.9375","219.8515625","219.8515625","219.8515625","583.9296875","583.9296875","583.9296875","329.10833333333335","329.10833333333335","329.10833333333335","869.515625","869.515625","869.515625","627.1975806451613","627.1975806451613","627.1975806451613"
"85","413.5625","413.5625","413.5625","290.859375","290.859375","290.859375","351.5625","351.5625","351.5625","","","","","","","196.5078125","196.5078125","196.5078125","226.0","226.0","226.0","197.8515625","197.8515625","197.8515625","705.78125","705.78125","705.78125","287.6796875","287.6796875","287.6796875","873.703125","873.703125","873.703125","743.03125","743.03125","743.03125"
"86","435.453125","435.453125","435.453125","301.7890625","301.7890625","301.7890625","329.046875","329.046875","329.046875","","","","","","","189.3515625","189.3515625","189.3515625","232.1875","232.1875","232.1875","207.765625","207.765625","207.765625","709.140625","709.140625","709.140625","363.015625","363.015625","363.015625","908.2578125","908.2578125","908.2578125","758.109375","758.109375","758.109375"
"87","429.1015625","429.1015625","429.1015625","272.0078125","272.0078125","272.0078125","325.8359375","325.8359375","325.8359375","","","","","","","178.97083333333333","178.97083333333333","178.97083333333333","275.984375","275.984375","275.984375","207.984375","207.984375","207.984375","574.6640625","574.6640625","574.6640625","394.3671875","394.3671875","394.3671875","1059.515625","1059.515625","1059.515625","675.75","675.75","675.75"
"88","407.9140625","407.9140625","407.9140625","286.9609375","286.9609375","286.9609375","361.6484375","361.6484375","361.6484375","","","","","","","195.1796875","195.1796875","195.1796875","244.875","244.875","244.875","206.109375","206.109375","206.109375","573.6171875","573.6171875","573.6171875","295.6484375","295.6484375","295.6484375","923.4140625","923.4140625","923.4140625","578.0564516129032","578.0564516129032","578.0564516129032"
"89","434.859375","434.859375","434.859375","270.25","270.25","270.25","337.0","337.0","337.0","","","","","","","186.8671875","186.8671875","186.8671875","221.375","221.375","221.375","192.8125","192.8125","192.8125","614.78125","614.78125","614.78125","324.71666666666664","324.71666666666664","324.71666666666664","1032.796875","1032.796875","1032.796875","653.625","653.625","653.625"
"90","443.4140625","443.4140625","443.4140625","283.8828125","283.8828125","283.8828125","344.234375","344.234375","344.234375","","","","","","","183.8359375","183.8359375","183.8359375","234.28125","234.28125","234.28125","199.1953125","199.1953125","199.1953125","692.40625","692.40625","692.40625","312.0390625","312.0390625","312.0390625","804.78125","804.78125","804.78125","740.734375","740.734375","740.734375"
"91","434.6796875","434.6796875","434.6796875","292.375","292.375","292.375","337.3828125","337.3828125","337.3828125","","","","","","","184.890625","184.890625","184.890625","217.03125","217.03125","217.03125","198.4453125","198.4453125","198.4453125","565.984375","565.984375","565.984375","326.859375","326.859375","326.859375","837.3359375","837.3359375","837.3359375","683.0234375","683.0234375","683.0234375"
"92","429.0078125","429.0078125","429.0078125","280.8828125","280.8828125","280.8828125","336.1953125","336.1953125","336.1953125","","","","","","","164.5078125","164.5078125","164.5078125","291.390625","291.390625","291.390625","197.640625","197.640625","197.640625","614.5625","614.5625","614.5625","371.296875","371.296875","371.296875","797.359375","797.359375","797.359375","687.96875","687.96875","687.96875"
"93","418.8671875","418.8671875","418.8671875","259.703125","259.703125","259.703125","331.21875","331.21875","331.21875","","","","","","","184.34583333333333","184.34583333333333","184.34583333333333","244.984375","244.984375","244.984375","201.1484375","201.1484375","201.1484375","633.671875","633.671875","633.671875","379.484375","379.484375","379.484375","768.09375","768.09375","768.09375","732.6491935483871","732.6491935483871","732.6491935483871"
"94","389.140625","389.140625","389.140625","293.8125","293.8125","293.8125","327.546875","327.546875","327.546875","","","","","","","166.75","166.75","166.75","275.34375","275.34375","275.34375","202.8125","202.8125","202.8125","617.75","617.75","617.75","326.1375","326.1375","326.1375","810.796875","810.796875","810.796875","669.65625","669.65625","669.65625"
"95","404.825","404.825","404.825","283.046875","283.046875","283.046875","356.1875","356.1875","356.1875","","","","","","","163.5234375","163.5234375","163.5234375","240.625","240.625","240.625","205.671875","205.671875","205.671875","589.8125","589.8125","589.8125","384.5234375","384.5234375","384.5234375","792.1640625","792.1640625","792.1640625","637.2137096774194","637.2137096774194","637.2137096774194"
"96","408.5546875","408.5546875","408.5546875","283.09583333333336","283.09583333333336","283.09583333333336","368.12083333333334","368.12083333333334","368.12083333333334","","","","","","","164.6171875","164.6171875","164.6171875","255.828125","255.828125","255.828125","209.7109375","209.7109375","209.7109375","546.453125","546.453125","546.453125","351.5546875","351.5546875","351.5546875","646.28125","646.28125","646.28125","711.828125","711.828125","711.828125"
"97","433.515625","433.515625","433.515625","274.984375","274.984375","274.984375","348.625","348.625","348.625","","","","","","","167.475","167.475","167.475","252.53125","252.53125","252.53125","213.6796875","213.6796875","213.6796875","625.25","625.25","625.25","310.34375","310.34375","310.34375","645.8828125","645.8828125","645.8828125","652.015625","652.015625","652.015625"
"98","424.984375","424.984375","424.984375","282.359375","282.359375","282.359375","335.0390625","335.0390625","335.0390625","","","","","","","181.0","181.0","181.0","228.265625","228.265625","228.265625","210.5078125","210.5078125","210.5078125","579.1796875","579.1796875","579.1796875","340.53125","340.53125","340.53125","746.3046875","746.3046875","746.3046875","689.2265625","689.2265625","689.2265625"
"99","386.5546875","386.5546875","386.5546875","266.4296875","266.4296875","266.4296875","372.03125","372.03125","372.03125","","","","","","","165.40625","165.40625","165.40625","234.640625","234.640625","234.640625","238.1328125","238.1328125","238.1328125","570.3515625","570.3515625","570.3515625","319.890625","319.890625","319.890625","931.6953125","931.6953125","931.6953125","749.703125","749.703125","749.703125"
"100","414.984375","414.984375","414.984375","271.6171875","271.6171875","271.6171875","325.6875","325.6875","325.6875","","","","","","","167.0546875","167.0546875","167.0546875","222.421875","222.421875","222.421875","222.9453125","222.9453125","222.9453125","605.015625","605.015625","605.015625","333.9140625","333.9140625","333.9140625","685.140625","685.140625","685.140625","745.9193548387096","745.9193548387096","745.9193548387096"