"Step","w1-baseline-fast - reward/mean","w1-baseline-fast - reward/mean__MIN","w1-baseline-fast - reward/mean__MAX","w1-alpha64-baseline - reward/mean","w1-alpha64-baseline - reward/mean__MIN","w1-alpha64-baseline - reward/mean__MAX","w1-alpha32-baseline - reward/mean","w1-alpha32-baseline - reward/mean__MIN","w1-alpha32-baseline - reward/mean__MAX","w1-alpha128-baseline - reward/mean","w1-alpha128-baseline - reward/mean__MIN","w1-alpha128-baseline - reward/mean__MAX","w1-alpha64-lr1e-5 - reward/mean","w1-alpha64-lr1e-5 - reward/mean__MIN","w1-alpha64-lr1e-5 - reward/mean__MAX","w1-alpha64-lr3e-6 - reward/mean","w1-alpha64-lr3e-6 - reward/mean__MIN","w1-alpha64-lr3e-6 - reward/mean__MAX","w1-alpha64-lr3e-6-b64-r16 - reward/mean","w1-alpha64-lr3e-6-b64-r16 - reward/mean__MIN","w1-alpha64-lr3e-6-b64-r16 - reward/mean__MAX","w1-alpha64-lr5e-6 - reward/mean","w1-alpha64-lr5e-6 - reward/mean__MIN","w1-alpha64-lr5e-6 - reward/mean__MAX","w1-alpha64-lr3e-6-2048-max-tokens - reward/mean","w1-alpha64-lr3e-6-2048-max-tokens - reward/mean__MIN","w1-alpha64-lr3e-6-2048-max-tokens - reward/mean__MAX","w1-alpha64-lr3e-6-1024-max-tokens - reward/mean","w1-alpha64-lr3e-6-1024-max-tokens - reward/mean__MIN","w1-alpha64-lr3e-6-1024-max-tokens - reward/mean__MAX","w2-alpha64-lr3e-6-2048-max-tokens-t0.15 - reward/mean","w2-alpha64-lr3e-6-2048-max-tokens-t0.15 - reward/mean__MIN","w2-alpha64-lr3e-6-2048-max-tokens-t0.15 - reward/mean__MAX","w2-alpha64-lr3e-6-2048-max-tokens-r4 - reward/mean","w2-alpha64-lr3e-6-2048-max-tokens-r4 - reward/mean__MIN","w2-alpha64-lr3e-6-2048-max-tokens-r4 - reward/mean__MAX"
"1","0.326484375","0.326484375","0.326484375","0.38882812499999986","0.38882812499999986","0.38882812499999986","0.34281249999999996","0.34281249999999996","0.34281249999999996","0.32820312499999993","0.32820312499999993","0.32820312499999993","0.3130078125","0.3130078125","0.3130078125","0.31187499999999996","0.31187499999999996","0.31187499999999996","0.25710937500000003","0.25710937500000003","0.25710937500000003","0.27605468749999995","0.27605468749999995","0.27605468749999995","0.6371875","0.6371875","0.6371875","0.6198437499999998","0.6198437499999998","0.6198437499999998","0.771484375","0.771484375","0.771484375","0.919453125","0.919453125","0.919453125"
"2","0.2544140625","0.2544140625","0.2544140625","0.26300781249999994","0.26300781249999994","0.26300781249999994","0.3572656249999999","0.3572656249999999","0.3572656249999999","0.3315625","0.3315625","0.3315625","0.2869921875","0.2869921875","0.2869921875","0.3285937499999999","0.3285937499999999","0.3285937499999999","0.424140625","0.424140625","0.424140625","0.2851562499999999","0.2851562499999999","0.2851562499999999","0.831484375","0.831484375","0.831484375","0.5773828124999998","0.5773828124999998","0.5773828124999998","0.7399609375","0.7399609375","0.7399609375","0.7930468749999999","0.7930468749999999","0.7930468749999999"
"3","0.3228515624999999","0.3228515624999999","0.3228515624999999","0.27824218749999996","0.27824218749999996","0.27824218749999996","0.4482421874999999","0.4482421874999999","0.4482421874999999","0.3146874999999999","0.3146874999999999","0.3146874999999999","0.25691406250000004","0.25691406250000004","0.25691406250000004","0.3530468749999999","0.3530468749999999","0.3530468749999999","0.451484375","0.451484375","0.451484375","0.32246093749999993","0.32246093749999993","0.32246093749999993","0.6940234374999998","0.6940234374999998","0.6940234374999998","0.719296875","0.719296875","0.719296875","0.6928515624999999","0.6928515624999999","0.6928515624999999","0.7470312499999999","0.7470312499999999","0.7470312499999999"
"4","0.29941406249999997","0.29941406249999997","0.29941406249999997","0.3119140625","0.3119140625","0.3119140625","0.38324218749999994","0.38324218749999994","0.38324218749999994","0.38617187499999994","0.38617187499999994","0.38617187499999994","0.40132812499999987","0.40132812499999987","0.40132812499999987","0.29859375","0.29859375","0.29859375","0.28500000000000003","0.28500000000000003","0.28500000000000003","0.31031249999999994","0.31031249999999994","0.31031249999999994","0.7074999999999998","0.7074999999999998","0.7074999999999998","0.6099999999999999","0.6099999999999999","0.6099999999999999","0.83203125","0.83203125","0.83203125","0.7549609374999999","0.7549609374999999","0.7549609374999999"
"5","0.43351562499999985","0.43351562499999985","0.43351562499999985","0.35847656249999993","0.35847656249999993","0.35847656249999993","0.2348046875","0.2348046875","0.2348046875","0.2811328125","0.2811328125","0.2811328125","0.38007812499999993","0.38007812499999993","0.38007812499999993","0.30730468749999995","0.30730468749999995","0.30730468749999995","0.21890625","0.21890625","0.21890625","0.37480468749999996","0.37480468749999996","0.37480468749999996","0.8810546875","0.8810546875","0.8810546875","0.6724999999999999","0.6724999999999999","0.6724999999999999","0.7156640624999998","0.7156640624999998","0.7156640624999998","0.794921875","0.794921875","0.794921875"
"6","0.33105468749999994","0.33105468749999994","0.33105468749999994","0.3034765625","0.3034765625","0.3034765625","0.28265624999999994","0.28265624999999994","0.28265624999999994","0.3752343749999999","0.3752343749999999","0.3752343749999999","0.42164062499999994","0.42164062499999994","0.42164062499999994","0.29644531249999995","0.29644531249999995","0.29644531249999995","0.17171875000000003","0.17171875000000003","0.17171875000000003","0.35749999999999993","0.35749999999999993","0.35749999999999993","0.6409765624999999","0.6409765624999999","0.6409765624999999","0.59203125","0.59203125","0.59203125","0.5965624999999999","0.5965624999999999","0.5965624999999999","0.5525","0.5525","0.5525"
"7","0.37515624999999997","0.37515624999999997","0.37515624999999997","0.3793749999999999","0.3793749999999999","0.3793749999999999","0.35371093749999993","0.35371093749999993","0.35371093749999993","0.30957031249999994","0.30957031249999994","0.30957031249999994","0.46734374999999995","0.46734374999999995","0.46734374999999995","0.30316406250000005","0.30316406250000005","0.30316406250000005","0.371640625","0.371640625","0.371640625","0.4131249999999999","0.4131249999999999","0.4131249999999999","0.7606250000000001","0.7606250000000001","0.7606250000000001","0.7091015624999999","0.7091015624999999","0.7091015624999999","0.7715624999999999","0.7715624999999999","0.7715624999999999","0.718046875","0.718046875","0.718046875"
"8","0.35472656249999995","0.35472656249999995","0.35472656249999995","0.37734375","0.37734375","0.37734375","0.3605859375","0.3605859375","0.3605859375","0.3657031249999999","0.3657031249999999","0.3657031249999999","0.4825390625","0.4825390625","0.4825390625","0.4583593749999999","0.4583593749999999","0.4583593749999999","0.39609375","0.39609375","0.39609375","0.552265625","0.552265625","0.552265625","0.703125","0.703125","0.703125","0.5938281249999999","0.5938281249999999","0.5938281249999999","0.8480859375","0.8480859375","0.8480859375","0.6239062499999999","0.6239062499999999","0.6239062499999999"
"9","0.3987109374999999","0.3987109374999999","0.3987109374999999","0.333984375","0.333984375","0.333984375","0.30558593749999996","0.30558593749999996","0.30558593749999996","0.3782812499999999","0.3782812499999999","0.3782812499999999","0.7434765624999999","0.7434765624999999","0.7434765624999999","0.5998046874999998","0.5998046874999998","0.5998046874999998","0.52296875","0.52296875","0.52296875","0.44367187499999994","0.44367187499999994","0.44367187499999994","0.7181640625","0.7181640625","0.7181640625","0.6251562499999999","0.6251562499999999","0.6251562499999999","0.8842578125","0.8842578125","0.8842578125","0.74296875","0.74296875","0.74296875"
"10","0.3180859374999999","0.3180859374999999","0.3180859374999999","0.30046874999999995","0.30046874999999995","0.30046874999999995","0.4243749999999999","0.4243749999999999","0.4243749999999999","0.42816406249999994","0.42816406249999994","0.42816406249999994","0.6265234375","0.6265234375","0.6265234375","0.44644531249999997","0.44644531249999997","0.44644531249999997","0.7160156249999998","0.7160156249999998","0.7160156249999998","0.5323437499999999","0.5323437499999999","0.5323437499999999","0.6650390625","0.6650390625","0.6650390625","0.7164843749999998","0.7164843749999998","0.7164843749999998","0.785625","0.785625","0.785625","0.8280859375","0.8280859375","0.8280859375"
"11","0.33320312499999993","0.33320312499999993","0.33320312499999993","0.4058984375","0.4058984375","0.4058984375","0.34886718749999995","0.34886718749999995","0.34886718749999995","0.4526171874999999","0.4526171874999999","0.4526171874999999","0.56828125","0.56828125","0.56828125","0.5628906249999999","0.5628906249999999","0.5628906249999999","0.866484375","0.866484375","0.866484375","0.6699999999999999","0.6699999999999999","0.6699999999999999","0.83984375","0.83984375","0.83984375","0.8037109375","0.8037109375","0.8037109375","0.6905078124999999","0.6905078124999999","0.6905078124999999","0.6848046874999999","0.6848046874999999","0.6848046874999999"
"12","0.3845703124999999","0.3845703124999999","0.3845703124999999","0.3446874999999999","0.3446874999999999","0.3446874999999999","0.39386718749999994","0.39386718749999994","0.39386718749999994","0.4776562499999999","0.4776562499999999","0.4776562499999999","0.6378515624999999","0.6378515624999999","0.6378515624999999","0.675546875","0.675546875","0.675546875","0.488046875","0.488046875","0.488046875","0.6376562499999999","0.6376562499999999","0.6376562499999999","0.7609765624999999","0.7609765624999999","0.7609765624999999","0.6718359374999998","0.6718359374999998","0.6718359374999998","0.7061718749999999","0.7061718749999999","0.7061718749999999","0.743203125","0.743203125","0.743203125"
"13","0.3637499999999999","0.3637499999999999","0.3637499999999999","0.3840234374999999","0.3840234374999999","0.3840234374999999","0.3616015624999999","0.3616015624999999","0.3616015624999999","0.4225781249999999","0.4225781249999999","0.4225781249999999","0.7685937500000001","0.7685937500000001","0.7685937500000001","0.6391015624999998","0.6391015624999998","0.6391015624999998","0.18406250000000002","0.18406250000000002","0.18406250000000002","0.4448046874999999","0.4448046874999999","0.4448046874999999","0.6611328124999999","0.6611328124999999","0.6611328124999999","0.6925390624999999","0.6925390624999999","0.6925390624999999","0.739296875","0.739296875","0.739296875","0.7203515624999999","0.7203515624999999","0.7203515624999999"
"14","0.3295703124999999","0.3295703124999999","0.3295703124999999","0.41816406249999993","0.41816406249999993","0.41816406249999993","0.3445703124999999","0.3445703124999999","0.3445703124999999","0.5190234375","0.5190234375","0.5190234375","0.6876953125","0.6876953125","0.6876953125","0.6739843749999999","0.6739843749999999","0.6739843749999999","0.64296875","0.64296875","0.64296875","0.45109374999999996","0.45109374999999996","0.45109374999999996","0.7744921874999998","0.7744921874999998","0.7744921874999998","0.6603515624999998","0.6603515624999998","0.6603515624999998","0.7779296874999999","0.7779296874999999","0.7779296874999999","0.8397265625","0.8397265625","0.8397265625"
"15","0.3932812499999999","0.3932812499999999","0.3932812499999999","0.46328125","0.46328125","0.46328125","0.3630078124999999","0.3630078124999999","0.3630078124999999","0.5915625","0.5915625","0.5915625","0.6293359374999999","0.6293359374999999","0.6293359374999999","0.662890625","0.662890625","0.662890625","0.3046875","0.3046875","0.3046875","0.7639843749999999","0.7639843749999999","0.7639843749999999","0.64421875","0.64421875","0.64421875","0.7423828124999999","0.7423828124999999","0.7423828124999999","0.7541796875","0.7541796875","0.7541796875","0.7446875000000001","0.7446875000000001","0.7446875000000001"
"16","0.28214843749999996","0.28214843749999996","0.28214843749999996","0.4408203124999999","0.4408203124999999","0.4408203124999999","0.4189453124999999","0.4189453124999999","0.4189453124999999","0.7194140625","0.7194140625","0.7194140625","0.5916406249999999","0.5916406249999999","0.5916406249999999","0.6768749999999999","0.6768749999999999","0.6768749999999999","0.7453125","0.7453125","0.7453125","0.558984375","0.558984375","0.558984375","0.8235937499999999","0.8235937499999999","0.8235937499999999","0.743125","0.743125","0.743125","0.7428906249999998","0.7428906249999998","0.7428906249999998","0.6918359374999999","0.6918359374999999","0.6918359374999999"
"17","0.4429687499999999","0.4429687499999999","0.4429687499999999","0.40691406249999995","0.40691406249999995","0.40691406249999995","0.37953124999999993","0.37953124999999993","0.37953124999999993","0.514140625","0.514140625","0.514140625","0.6132421875","0.6132421875","0.6132421875","0.618828125","0.618828125","0.618828125","0.294296875","0.294296875","0.294296875","0.6481640624999998","0.6481640624999998","0.6481640624999998","0.7500390625","0.7500390625","0.7500390625","0.7314062499999998","0.7314062499999998","0.7314062499999998","0.8145312499999999","0.8145312499999999","0.8145312499999999","0.7163671875","0.7163671875","0.7163671875"
"18","0.3255859375","0.3255859375","0.3255859375","0.3887109374999999","0.3887109374999999","0.3887109374999999","0.3119140625","0.3119140625","0.3119140625","0.7487890625","0.7487890625","0.7487890625","0.6709765624999999","0.6709765624999999","0.6709765624999999","0.7336328125","0.7336328125","0.7336328125","0.7463281249999999","0.7463281249999999","0.7463281249999999","0.6892968749999999","0.6892968749999999","0.6892968749999999","0.7544140625","0.7544140625","0.7544140625","0.5659375","0.5659375","0.5659375","0.6930468749999998","0.6930468749999998","0.6930468749999998","0.6672265625","0.6672265625","0.6672265625"
"19","0.36296874999999995","0.36296874999999995","0.36296874999999995","0.42640625","0.42640625","0.42640625","0.42703125","0.42703125","0.42703125","0.4677343749999999","0.4677343749999999","0.4677343749999999","0.6912109375","0.6912109375","0.6912109375","0.74140625","0.74140625","0.74140625","0.44359375","0.44359375","0.44359375","0.61671875","0.61671875","0.61671875","0.70875","0.70875","0.70875","0.8316015625","0.8316015625","0.8316015625","0.7736328124999998","0.7736328124999998","0.7736328124999998","0.7026562499999999","0.7026562499999999","0.7026562499999999"
"20","0.27585937499999996","0.27585937499999996","0.27585937499999996","0.5489843750000001","0.5489843750000001","0.5489843750000001","0.4407421874999999","0.4407421874999999","0.4407421874999999","0.6691796874999999","0.6691796874999999","0.6691796874999999","0.5332812499999999","0.5332812499999999","0.5332812499999999","0.7669531249999999","0.7669531249999999","0.7669531249999999","0.590390625","0.590390625","0.590390625","0.48624999999999996","0.48624999999999996","0.48624999999999996","0.6190234374999999","0.6190234374999999","0.6190234374999999","0.6542968749999999","0.6542968749999999","0.6542968749999999","0.7299609374999999","0.7299609374999999","0.7299609374999999","0.6951562499999999","0.6951562499999999","0.6951562499999999"
"21","0.34085937499999996","0.34085937499999996","0.34085937499999996","0.6405859375","0.6405859375","0.6405859375","0.4319921874999999","0.4319921874999999","0.4319921874999999","0.45773437499999997","0.45773437499999997","0.45773437499999997","0.7533203125","0.7533203125","0.7533203125","0.4971875","0.4971875","0.4971875","0.6666406249999999","0.6666406249999999","0.6666406249999999","0.7214062499999999","0.7214062499999999","0.7214062499999999","0.6959374999999999","0.6959374999999999","0.6959374999999999","0.6616015625","0.6616015625","0.6616015625","0.7252343749999999","0.7252343749999999","0.7252343749999999","0.7209375","0.7209375","0.7209375"
"22","0.286484375","0.286484375","0.286484375","0.5856640625","0.5856640625","0.5856640625","0.31003906249999996","0.31003906249999996","0.31003906249999996","0.508671875","0.508671875","0.508671875","0.6594921875","0.6594921875","0.6594921875","0.6770312499999999","0.6770312499999999","0.6770312499999999","0.5409375","0.5409375","0.5409375","0.6165234374999999","0.6165234374999999","0.6165234374999999","0.7389453124999998","0.7389453124999998","0.7389453124999998","0.6591796874999999","0.6591796874999999","0.6591796874999999","0.7458984375","0.7458984375","0.7458984375","0.6759765624999998","0.6759765624999998","0.6759765624999998"
"23","0.3537890624999999","0.3537890624999999","0.3537890624999999","0.6640234374999999","0.6640234374999999","0.6640234374999999","0.34585937499999997","0.34585937499999997","0.34585937499999997","0.5894921874999999","0.5894921874999999","0.5894921874999999","0.6480859375","0.6480859375","0.6480859375","0.6137890624999999","0.6137890624999999","0.6137890624999999","0.5354687499999999","0.5354687499999999","0.5354687499999999","0.7069531250000001","0.7069531250000001","0.7069531250000001","0.7394921875","0.7394921875","0.7394921875","0.6116796875","0.6116796875","0.6116796875","0.8347265625","0.8347265625","0.8347265625","0.700078125","0.700078125","0.700078125"
"24","0.36632812499999995","0.36632812499999995","0.36632812499999995","0.6597265625","0.6597265625","0.6597265625","0.5119140624999999","0.5119140624999999","0.5119140624999999","0.591015625","0.591015625","0.591015625","0.6966015624999999","0.6966015624999999","0.6966015624999999","0.7038671875","0.7038671875","0.7038671875","0.745859375","0.745859375","0.745859375","0.7612890625","0.7612890625","0.7612890625","0.798828125","0.798828125","0.798828125","0.6861718749999999","0.6861718749999999","0.6861718749999999","0.7426953125","0.7426953125","0.7426953125","0.7449218749999998","0.7449218749999998","0.7449218749999998"
"25","0.28886718749999996","0.28886718749999996","0.28886718749999996","0.4539062499999999","0.4539062499999999","0.4539062499999999","0.5172656249999998","0.5172656249999998","0.5172656249999998","0.6700390624999999","0.6700390624999999","0.6700390624999999","0.6800390625","0.6800390625","0.6800390625","0.6398828125","0.6398828125","0.6398828125","0.7448437499999999","0.7448437499999999","0.7448437499999999","0.6741015624999999","0.6741015624999999","0.6741015624999999","0.78375","0.78375","0.78375","0.6061718749999999","0.6061718749999999","0.6061718749999999","0.7758203124999998","0.7758203124999998","0.7758203124999998","0.6967578124999998","0.6967578124999998","0.6967578124999998"
"26","0.32554687499999996","0.32554687499999996","0.32554687499999996","0.545546875","0.545546875","0.545546875","0.45378906249999995","0.45378906249999995","0.45378906249999995","0.6176953124999999","0.6176953124999999","0.6176953124999999","0.6703125000000001","0.6703125000000001","0.6703125000000001","0.6705078125","0.6705078125","0.6705078125","0.4678125","0.4678125","0.4678125","0.5814843749999999","0.5814843749999999","0.5814843749999999","0.7485546875","0.7485546875","0.7485546875","0.5782421875","0.5782421875","0.5782421875","0.8159765625","0.8159765625","0.8159765625","0.7587890625","0.7587890625","0.7587890625"
"27","0.3277734375","0.3277734375","0.3277734375","0.6434374999999999","0.6434374999999999","0.6434374999999999","0.5230078125","0.5230078125","0.5230078125","0.7548046875000001","0.7548046875000001","0.7548046875000001","0.7036328125","0.7036328125","0.7036328125","0.6846875","0.6846875","0.6846875","0.609765625","0.609765625","0.609765625","0.6565624999999999","0.6565624999999999","0.6565624999999999","0.7248046874999999","0.7248046874999999","0.7248046874999999","0.711328125","0.711328125","0.711328125","0.896953125","0.896953125","0.896953125","0.8528125","0.8528125","0.8528125"
"28","0.31218749999999995","0.31218749999999995","0.31218749999999995","0.47968749999999993","0.47968749999999993","0.47968749999999993","0.5808984374999999","0.5808984374999999","0.5808984374999999","0.613984375","0.613984375","0.613984375","0.6392187500000001","0.6392187500000001","0.6392187500000001","0.7353125","0.7353125","0.7353125","0.617109375","0.617109375","0.617109375","0.6492578124999999","0.6492578124999999","0.6492578124999999","0.6751953124999999","0.6751953124999999","0.6751953124999999","0.8626562500000001","0.8626562500000001","0.8626562500000001","0.6238281249999998","0.6238281249999998","0.6238281249999998","0.812890625","0.812890625","0.812890625"
"29","0.43167968749999996","0.43167968749999996","0.43167968749999996","0.63625","0.63625","0.63625","0.4949609374999999","0.4949609374999999","0.4949609374999999","0.6908203124999999","0.6908203124999999","0.6908203124999999","0.74734375","0.74734375","0.74734375","0.7069531250000001","0.7069531250000001","0.7069531250000001","0.8121093749999999","0.8121093749999999","0.8121093749999999","0.752109375","0.752109375","0.752109375","0.8934765625000001","0.8934765625000001","0.8934765625000001","0.7952734374999999","0.7952734374999999","0.7952734374999999","0.77546875","0.77546875","0.77546875","0.7729687499999999","0.7729687499999999","0.7729687499999999"
"30","0.29210937499999995","0.29210937499999995","0.29210937499999995","0.5789843749999999","0.5789843749999999","0.5789843749999999","0.5104296875","0.5104296875","0.5104296875","0.7220312499999999","0.7220312499999999","0.7220312499999999","0.7457031249999999","0.7457031249999999","0.7457031249999999","0.6565624999999999","0.6565624999999999","0.6565624999999999","0.621875","0.621875","0.621875","0.702890625","0.702890625","0.702890625","0.8173828125","0.8173828125","0.8173828125","0.632578125","0.632578125","0.632578125","0.7876171875","0.7876171875","0.7876171875","0.8108203125","0.8108203125","0.8108203125"
"32","0.38105468749999993","0.38105468749999993","0.38105468749999993","0.6829296874999999","0.6829296874999999","0.6829296874999999","0.5597265625","0.5597265625","0.5597265625","0.6297265624999999","0.6297265624999999","0.6297265624999999","0.568203125","0.568203125","0.568203125","0.6555078125","0.6555078125","0.6555078125","0.7127343749999999","0.7127343749999999","0.7127343749999999","0.6857031249999999","0.6857031249999999","0.6857031249999999","0.6957031249999999","0.6957031249999999","0.6957031249999999","0.7514062499999999","0.7514062499999999","0.7514062499999999","0.6042578125","0.6042578125","0.6042578125","0.7020312499999999","0.7020312499999999","0.7020312499999999"
"33","0.29851562499999995","0.29851562499999995","0.29851562499999995","0.6556249999999999","0.6556249999999999","0.6556249999999999","0.5770312499999999","0.5770312499999999","0.5770312499999999","0.8119531249999999","0.8119531249999999","0.8119531249999999","0.8041015624999999","0.8041015624999999","0.8041015624999999","0.7226171875","0.7226171875","0.7226171875","0.7430468749999999","0.7430468749999999","0.7430468749999999","0.7497265625","0.7497265625","0.7497265625","0.8398046874999999","0.8398046874999999","0.8398046874999999","0.746875","0.746875","0.746875","0.803515625","0.803515625","0.803515625","0.6767578125","0.6767578125","0.6767578125"
"34","0.3354296875","0.3354296875","0.3354296875","0.8516406249999999","0.8516406249999999","0.8516406249999999","0.6057421874999999","0.6057421874999999","0.6057421874999999","0.54984375","0.54984375","0.54984375","0.6507421874999999","0.6507421874999999","0.6507421874999999","0.7062890625","0.7062890625","0.7062890625","0.7151562499999999","0.7151562499999999","0.7151562499999999","0.6640234375","0.6640234375","0.6640234375","0.6487890624999999","0.6487890624999999","0.6487890624999999","0.693203125","0.693203125","0.693203125","0.8983984375","0.8983984375","0.8983984375","0.752890625","0.752890625","0.752890625"
"35","0.3177734375","0.3177734375","0.3177734375","0.6044921875","0.6044921875","0.6044921875","0.6234374999999999","0.6234374999999999","0.6234374999999999","0.6629687499999999","0.6629687499999999","0.6629687499999999","0.7546875","0.7546875","0.7546875","0.594453125","0.594453125","0.594453125","0.8260937499999998","0.8260937499999998","0.8260937499999998","0.7754296875","0.7754296875","0.7754296875","0.7371874999999999","0.7371874999999999","0.7371874999999999","0.7073046875","0.7073046875","0.7073046875","0.7064453125","0.7064453125","0.7064453125","0.778359375","0.778359375","0.778359375"
"36","0.4782812499999999","0.4782812499999999","0.4782812499999999","0.5433593749999999","0.5433593749999999","0.5433593749999999","0.5144140625","0.5144140625","0.5144140625","0.487578125","0.487578125","0.487578125","0.6654296875","0.6654296875","0.6654296875","0.7401953124999999","0.7401953124999999","0.7401953124999999","0.55953125","0.55953125","0.55953125","0.743828125","0.743828125","0.743828125","0.8010937499999999","0.8010937499999999","0.8010937499999999","0.7751953125","0.7751953125","0.7751953125","0.7433593749999998","0.7433593749999998","0.7433593749999998","0.6953515625","0.6953515625","0.6953515625"
"37","0.36820312499999996","0.36820312499999996","0.36820312499999996","0.6425","0.6425","0.6425","0.636640625","0.636640625","0.636640625","0.7650390625","0.7650390625","0.7650390625","0.6126562499999999","0.6126562499999999","0.6126562499999999","0.6014062499999999","0.6014062499999999","0.6014062499999999","0.5898437499999999","0.5898437499999999","0.5898437499999999","0.648984375","0.648984375","0.648984375","0.7358203124999999","0.7358203124999999","0.7358203124999999","0.5775781249999999","0.5775781249999999","0.5775781249999999","0.7606640625","0.7606640625","0.7606640625","0.7062890624999999","0.7062890624999999","0.7062890624999999"
"38","0.3043359375","0.3043359375","0.3043359375","0.6479296875","0.6479296875","0.6479296875","0.7327734374999999","0.7327734374999999","0.7327734374999999","0.6201171874999999","0.6201171874999999","0.6201171874999999","0.7126171874999999","0.7126171874999999","0.7126171874999999","0.6803124999999999","0.6803124999999999","0.6803124999999999","0.79515625","0.79515625","0.79515625","0.7266796875","0.7266796875","0.7266796875","0.8122656249999999","0.8122656249999999","0.8122656249999999","0.7040234374999998","0.7040234374999998","0.7040234374999998","0.7693749999999999","0.7693749999999999","0.7693749999999999","0.7502343749999999","0.7502343749999999","0.7502343749999999"
"39","0.5880078124999999","0.5880078124999999","0.5880078124999999","0.7097265625","0.7097265625","0.7097265625","0.5973046874999999","0.5973046874999999","0.5973046874999999","0.7467578124999998","0.7467578124999998","0.7467578124999998","0.570546875","0.570546875","0.570546875","0.525703125","0.525703125","0.525703125","0.62","0.62","0.62","0.7751171875","0.7751171875","0.7751171875","0.7041796874999999","0.7041796874999999","0.7041796874999999","0.6603515624999999","0.6603515624999999","0.6603515624999999","0.7987109375","0.7987109375","0.7987109375","0.8666796874999999","0.8666796874999999","0.8666796874999999"
"40","0.42351562499999995","0.42351562499999995","0.42351562499999995","0.5472656249999999","0.5472656249999999","0.5472656249999999","0.5358593749999999","0.5358593749999999","0.5358593749999999","0.854765625","0.854765625","0.854765625","0.588671875","0.588671875","0.588671875","0.7498828125000001","0.7498828125000001","0.7498828125000001","0.856484375","0.856484375","0.856484375","0.7165234375","0.7165234375","0.7165234375","0.8661718749999999","0.8661718749999999","0.8661718749999999","0.70765625","0.70765625","0.70765625","0.88890625","0.88890625","0.88890625","0.7590625","0.7590625","0.7590625"
"41","0.43593749999999987","0.43593749999999987","0.43593749999999987","0.6514453124999999","0.6514453124999999","0.6514453124999999","0.7290625","0.7290625","0.7290625","0.7003515625000001","0.7003515625000001","0.7003515625000001","0.6439453125","0.6439453125","0.6439453125","0.7041015625","0.7041015625","0.7041015625","0.5087499999999999","0.5087499999999999","0.5087499999999999","0.69046875","0.69046875","0.69046875","0.7504687499999998","0.7504687499999998","0.7504687499999998","0.577890625","0.577890625","0.577890625","0.7940234374999999","0.7940234374999999","0.7940234374999999","0.7622265625","0.7622265625","0.7622265625"
"42","0.37703124999999993","0.37703124999999993","0.37703124999999993","0.5597265625","0.5597265625","0.5597265625","0.5227734374999999","0.5227734374999999","0.5227734374999999","0.6825","0.6825","0.6825","0.73171875","0.73171875","0.73171875","0.6896484375","0.6896484375","0.6896484375","0.41515625","0.41515625","0.41515625","0.7116796875","0.7116796875","0.7116796875","0.6942578125000001","0.6942578125000001","0.6942578125000001","0.7896874999999999","0.7896874999999999","0.7896874999999999","0.813046875","0.813046875","0.813046875","0.8378125000000001","0.8378125000000001","0.8378125000000001"
"43","0.3319140625","0.3319140625","0.3319140625","0.6660937499999999","0.6660937499999999","0.6660937499999999","0.6865234375","0.6865234375","0.6865234375","0.7028125","0.7028125","0.7028125","0.659140625","0.659140625","0.659140625","0.7081250000000001","0.7081250000000001","0.7081250000000001","0.7571874999999999","0.7571874999999999","0.7571874999999999","0.7867578125","0.7867578125","0.7867578125","0.7416406249999998","0.7416406249999998","0.7416406249999998","0.7312109375","0.7312109375","0.7312109375","0.5843749999999999","0.5843749999999999","0.5843749999999999","0.79484375","0.79484375","0.79484375"
"44","0.29582031249999996","0.29582031249999996","0.29582031249999996","0.792734375","0.792734375","0.792734375","0.5526171874999999","0.5526171874999999","0.5526171874999999","0.788125","0.788125","0.788125","0.7047265624999999","0.7047265624999999","0.7047265624999999","0.7122656249999999","0.7122656249999999","0.7122656249999999","0.576953125","0.576953125","0.576953125","0.7005468749999999","0.7005468749999999","0.7005468749999999","0.7130078124999999","0.7130078124999999","0.7130078124999999","0.8285546874999999","0.8285546874999999","0.8285546874999999","0.6858203125","0.6858203125","0.6858203125","0.6894921875","0.6894921875","0.6894921875"
"45","0.5046484374999998","0.5046484374999998","0.5046484374999998","0.6922265625","0.6922265625","0.6922265625","0.5565625","0.5565625","0.5565625","0.7169921874999999","0.7169921874999999","0.7169921874999999","0.6683593750000001","0.6683593750000001","0.6683593750000001","0.64","0.64","0.64","0.6990624999999999","0.6990624999999999","0.6990624999999999","0.631328125","0.631328125","0.631328125","0.8025390625","0.8025390625","0.8025390625","0.76046875","0.76046875","0.76046875","0.6067968749999999","0.6067968749999999","0.6067968749999999","0.7686328124999999","0.7686328124999999","0.7686328124999999"
"46","0.3273828125","0.3273828125","0.3273828125","0.7625781250000001","0.7625781250000001","0.7625781250000001","0.6429296874999999","0.6429296874999999","0.6429296874999999","0.70390625","0.70390625","0.70390625","0.633359375","0.633359375","0.633359375","0.5423046874999999","0.5423046874999999","0.5423046874999999","0.73140625","0.73140625","0.73140625","0.7203124999999999","0.7203124999999999","0.7203124999999999","0.8837109374999998","0.8837109374999998","0.8837109374999998","0.76640625","0.76640625","0.76640625","0.76828125","0.76828125","0.76828125","0.8229296875","0.8229296875","0.8229296875"
"47","0.448515625","0.448515625","0.448515625","0.723828125","0.723828125","0.723828125","0.7301171874999999","0.7301171874999999","0.7301171874999999","0.6519921875","0.6519921875","0.6519921875","0.6984375","0.6984375","0.6984375","0.7276562499999999","0.7276562499999999","0.7276562499999999","0.742890625","0.742890625","0.742890625","0.5592187499999999","0.5592187499999999","0.5592187499999999","0.8400390624999999","0.8400390624999999","0.8400390624999999","0.60171875","0.60171875","0.60171875","0.8438671875","0.8438671875","0.8438671875","0.778125","0.778125","0.778125"
"48","0.41023437499999993","0.41023437499999993","0.41023437499999993","0.6991796874999998","0.6991796874999998","0.6991796874999998","0.7211718749999999","0.7211718749999999","0.7211718749999999","0.666796875","0.666796875","0.666796875","0.601015625","0.601015625","0.601015625","0.6698046875","0.6698046875","0.6698046875","0.5745312499999999","0.5745312499999999","0.5745312499999999","0.6759765625","0.6759765625","0.6759765625","0.700390625","0.700390625","0.700390625","0.863515625","0.863515625","0.863515625","0.8042968749999999","0.8042968749999999","0.8042968749999999","0.694140625","0.694140625","0.694140625"
"49","0.43582031249999986","0.43582031249999986","0.43582031249999986","0.6254296874999999","0.6254296874999999","0.6254296874999999","0.6429296874999999","0.6429296874999999","0.6429296874999999","0.6816015625","0.6816015625","0.6816015625","0.7017578124999999","0.7017578124999999","0.7017578124999999","0.8528125","0.8528125","0.8528125","0.483515625","0.483515625","0.483515625","0.779453125","0.779453125","0.779453125","0.6826171874999998","0.6826171874999998","0.6826171874999998","0.6951171875","0.6951171875","0.6951171875","0.84625","0.84625","0.84625","0.7857421874999999","0.7857421874999999","0.7857421874999999"
"50","0.4119531249999999","0.4119531249999999","0.4119531249999999","0.6773046875","0.6773046875","0.6773046875","0.5626171874999999","0.5626171874999999","0.5626171874999999","0.7930859374999999","0.7930859374999999","0.7930859374999999","0.7023437499999999","0.7023437499999999","0.7023437499999999","0.7828515625","0.7828515625","0.7828515625","0.729296875","0.729296875","0.729296875","0.783125","0.783125","0.783125","0.763671875","0.763671875","0.763671875","0.8408984375","0.8408984375","0.8408984375","0.834921875","0.834921875","0.834921875","0.8551171875","0.8551171875","0.8551171875"
"51","0.4474609374999999","0.4474609374999999","0.4474609374999999","0.790546875","0.790546875","0.790546875","0.6308203124999999","0.6308203124999999","0.6308203124999999","0.6428515625","0.6428515625","0.6428515625","0.6739453124999999","0.6739453124999999","0.6739453124999999","0.626875","0.626875","0.626875","0.76734375","0.76734375","0.76734375","0.7523046874999999","0.7523046874999999","0.7523046874999999","0.6428515624999998","0.6428515624999998","0.6428515624999998","0.757578125","0.757578125","0.757578125","0.7259374999999999","0.7259374999999999","0.7259374999999999","0.7502734374999998","0.7502734374999998","0.7502734374999998"
"52","0.44273437499999985","0.44273437499999985","0.44273437499999985","0.6585156249999999","0.6585156249999999","0.6585156249999999","0.6528125","0.6528125","0.6528125","0.7708593749999999","0.7708593749999999","0.7708593749999999","0.6364453124999999","0.6364453124999999","0.6364453124999999","0.7513281249999999","0.7513281249999999","0.7513281249999999","0.3103125","0.3103125","0.3103125","0.7537499999999999","0.7537499999999999","0.7537499999999999","0.7290625000000001","0.7290625000000001","0.7290625000000001","0.6903125","0.6903125","0.6903125","0.6428124999999999","0.6428124999999999","0.6428124999999999","0.78640625","0.78640625","0.78640625"
"53","0.5239453124999999","0.5239453124999999","0.5239453124999999","0.6392578124999999","0.6392578124999999","0.6392578124999999","0.5685546874999999","0.5685546874999999","0.5685546874999999","0.754140625","0.754140625","0.754140625","0.5857812499999999","0.5857812499999999","0.5857812499999999","0.6551562499999999","0.6551562499999999","0.6551562499999999","0.788125","0.788125","0.788125","0.592265625","0.592265625","0.592265625","0.7945312499999999","0.7945312499999999","0.7945312499999999","0.67328125","0.67328125","0.67328125","0.7492578124999999","0.7492578124999999","0.7492578124999999","0.7342968749999998","0.7342968749999998","0.7342968749999998"
"54","0.5156640624999999","0.5156640624999999","0.5156640624999999","0.583671875","0.583671875","0.583671875","0.6000390624999999","0.6000390624999999","0.6000390624999999","0.6158984375","0.6158984375","0.6158984375","0.6853515625","0.6853515625","0.6853515625","0.7582421875","0.7582421875","0.7582421875","0.6040625","0.6040625","0.6040625","0.715","0.715","0.715","0.8071484375","0.8071484375","0.8071484375","0.6900390624999999","0.6900390624999999","0.6900390624999999","0.7867187499999999","0.7867187499999999","0.7867187499999999","0.7758593749999999","0.7758593749999999","0.7758593749999999"
"55","0.42167968749999996","0.42167968749999996","0.42167968749999996","0.63234375","0.63234375","0.63234375","0.6492578124999999","0.6492578124999999","0.6492578124999999","0.6099609374999999","0.6099609374999999","0.6099609374999999","0.6408984375","0.6408984375","0.6408984375","0.7639453125","0.7639453125","0.7639453125","0.493125","0.493125","0.493125","0.58890625","0.58890625","0.58890625","0.8088281249999999","0.8088281249999999","0.8088281249999999","0.7555078124999999","0.7555078124999999","0.7555078124999999","0.8196874999999999","0.8196874999999999","0.8196874999999999","0.76921875","0.76921875","0.76921875"
"56","0.441796875","0.441796875","0.441796875","0.781171875","0.781171875","0.781171875","0.6734374999999999","0.6734374999999999","0.6734374999999999","0.8090234375","0.8090234375","0.8090234375","0.5624218750000001","0.5624218750000001","0.5624218750000001","0.6508984375","0.6508984375","0.6508984375","0.8792968749999999","0.8792968749999999","0.8792968749999999","0.7626953125","0.7626953125","0.7626953125","0.7171093749999999","0.7171093749999999","0.7171093749999999","0.7392187499999999","0.7392187499999999","0.7392187499999999","0.7713281249999999","0.7713281249999999","0.7713281249999999","0.8029296874999999","0.8029296874999999","0.8029296874999999"
"58","0.47925781249999994","0.47925781249999994","0.47925781249999994","0.6876953124999999","0.6876953124999999","0.6876953124999999","0.6514843749999999","0.6514843749999999","0.6514843749999999","0.8902734374999999","0.8902734374999999","0.8902734374999999","0.75484375","0.75484375","0.75484375","0.723125","0.723125","0.723125","0.952421875","0.952421875","0.952421875","0.6294140625","0.6294140625","0.6294140625","0.7758593749999999","0.7758593749999999","0.7758593749999999","0.7128125","0.7128125","0.7128125","0.703359375","0.703359375","0.703359375","0.7940624999999999","0.7940624999999999","0.7940624999999999"
"59","0.5712109375","0.5712109375","0.5712109375","0.749453125","0.749453125","0.749453125","0.6160546874999998","0.6160546874999998","0.6160546874999998","0.6544921875","0.6544921875","0.6544921875","0.6719921875","0.6719921875","0.6719921875","0.6655078125","0.6655078125","0.6655078125","0.7519531249999999","0.7519531249999999","0.7519531249999999","0.7455468749999999","0.7455468749999999","0.7455468749999999","0.7963281249999998","0.7963281249999998","0.7963281249999998","0.7821093749999999","0.7821093749999999","0.7821093749999999","0.934140625","0.934140625","0.934140625","0.7205859375","0.7205859375","0.7205859375"
"60","0.3335937499999999","0.3335937499999999","0.3335937499999999","0.6413671875","0.6413671875","0.6413671875","0.6149218749999998","0.6149218749999998","0.6149218749999998","0.7300390625","0.7300390625","0.7300390625","0.5931249999999999","0.5931249999999999","0.5931249999999999","0.6961328124999999","0.6961328124999999","0.6961328124999999","0.810078125","0.810078125","0.810078125","0.7921875","0.7921875","0.7921875","0.798046875","0.798046875","0.798046875","0.7241796875","0.7241796875","0.7241796875","0.7464843749999999","0.7464843749999999","0.7464843749999999","0.6651171874999998","0.6651171874999998","0.6651171874999998"
"61","0.4509765624999999","0.4509765624999999","0.4509765624999999","0.6540625","0.6540625","0.6540625","0.6638671875","0.6638671875","0.6638671875","0.7381249999999999","0.7381249999999999","0.7381249999999999","0.6162500000000001","0.6162500000000001","0.6162500000000001","0.7274218749999999","0.7274218749999999","0.7274218749999999","0.774453125","0.774453125","0.774453125","0.8451953124999999","0.8451953124999999","0.8451953124999999","0.6378124999999999","0.6378124999999999","0.6378124999999999","0.7520703124999999","0.7520703124999999","0.7520703124999999","0.6986718749999999","0.6986718749999999","0.6986718749999999","0.6927734374999999","0.6927734374999999","0.6927734374999999"
"62","0.3835546874999999","0.3835546874999999","0.3835546874999999","0.5567578125","0.5567578125","0.5567578125","0.4994140625","0.4994140625","0.4994140625","0.5878125000000001","0.5878125000000001","0.5878125000000001","0.5420703125","0.5420703125","0.5420703125","0.7459765624999999","0.7459765624999999","0.7459765624999999","0.93265625","0.93265625","0.93265625","0.796953125","0.796953125","0.796953125","0.7217578124999998","0.7217578124999998","0.7217578124999998","0.7648437499999999","0.7648437499999999","0.7648437499999999","0.6708593749999998","0.6708593749999998","0.6708593749999998","0.7912109375","0.7912109375","0.7912109375"
"63","0.43671874999999993","0.43671874999999993","0.43671874999999993","0.8157421874999999","0.8157421874999999","0.8157421874999999","0.7366406249999999","0.7366406249999999","0.7366406249999999","0.7769921874999999","0.7769921874999999","0.7769921874999999","0.6521484375","0.6521484375","0.6521484375","0.761484375","0.761484375","0.761484375","0.9417968749999999","0.9417968749999999","0.9417968749999999","0.837421875","0.837421875","0.837421875","0.6988281249999999","0.6988281249999999","0.6988281249999999","0.8011718750000001","0.8011718750000001","0.8011718750000001","0.7935937499999999","0.7935937499999999","0.7935937499999999","0.7665625","0.7665625","0.7665625"
"64","0.48843749999999986","0.48843749999999986","0.48843749999999986","0.57953125","0.57953125","0.57953125","0.618671875","0.618671875","0.618671875","0.6790234375","0.6790234375","0.6790234375","0.6146484375","0.6146484375","0.6146484375","0.7064453125","0.7064453125","0.7064453125","0.4365625","0.4365625","0.4365625","0.779921875","0.779921875","0.779921875","0.7555859374999999","0.7555859374999999","0.7555859374999999","0.778125","0.778125","0.778125","0.7946093749999998","0.7946093749999998","0.7946093749999998","0.8161328125","0.8161328125","0.8161328125"
"65","0.46863281249999994","0.46863281249999994","0.46863281249999994","0.6419921875","0.6419921875","0.6419921875","0.6209374999999999","0.6209374999999999","0.6209374999999999","0.5497265624999998","0.5497265624999998","0.5497265624999998","0.5762109375","0.5762109375","0.5762109375","0.6715234375000001","0.6715234375000001","0.6715234375000001","0.6780468749999999","0.6780468749999999","0.6780468749999999","0.7424999999999999","0.7424999999999999","0.7424999999999999","0.6696874999999999","0.6696874999999999","0.6696874999999999","0.8066406249999999","0.8066406249999999","0.8066406249999999","0.7145312499999998","0.7145312499999998","0.7145312499999998","0.88140625","0.88140625","0.88140625"
"66","0.447109375","0.447109375","0.447109375","0.7286328124999999","0.7286328124999999","0.7286328124999999","0.6541015625","0.6541015625","0.6541015625","0.8064453125","0.8064453125","0.8064453125","0.5957421875","0.5957421875","0.5957421875","0.7154296875","0.7154296875","0.7154296875","0.83546875","0.83546875","0.83546875","0.6934375","0.6934375","0.6934375","0.8727343750000001","0.8727343750000001","0.8727343750000001","0.8418749999999999","0.8418749999999999","0.8418749999999999","0.7842578124999999","0.7842578124999999","0.7842578124999999","0.8156640625","0.8156640625","0.8156640625"
"67","0.4560156249999999","0.4560156249999999","0.4560156249999999","0.6815625000000001","0.6815625000000001","0.6815625000000001","0.6356640625000001","0.6356640625000001","0.6356640625000001","0.7279687499999999","0.7279687499999999","0.7279687499999999","0.6471874999999999","0.6471874999999999","0.6471874999999999","0.783984375","0.783984375","0.783984375","0.748515625","0.748515625","0.748515625","0.7143359375","0.7143359375","0.7143359375","0.79921875","0.79921875","0.79921875","0.5574609374999999","0.5574609374999999","0.5574609374999999","0.8478515625","0.8478515625","0.8478515625","0.6675","0.6675","0.6675"
"68","0.51421875","0.51421875","0.51421875","0.7042968749999999","0.7042968749999999","0.7042968749999999","0.7280859375","0.7280859375","0.7280859375","0.7479296874999999","0.7479296874999999","0.7479296874999999","0.538359375","0.538359375","0.538359375","0.7767968749999998","0.7767968749999998","0.7767968749999998","0.8546874999999998","0.8546874999999998","0.8546874999999998","0.7701953124999998","0.7701953124999998","0.7701953124999998","0.8112109375","0.8112109375","0.8112109375","0.73125","0.73125","0.73125","0.6976171874999999","0.6976171874999999","0.6976171874999999","0.840546875","0.840546875","0.840546875"
"69","0.5133203124999999","0.5133203124999999","0.5133203124999999","0.6244921874999999","0.6244921874999999","0.6244921874999999","0.5482421874999999","0.5482421874999999","0.5482421874999999","0.7600390625","0.7600390625","0.7600390625","0.6446875","0.6446875","0.6446875","0.7312890624999999","0.7312890624999999","0.7312890624999999","0.8890624999999999","0.8890624999999999","0.8890624999999999","0.7618749999999999","0.7618749999999999","0.7618749999999999","0.7867968749999998","0.7867968749999998","0.7867968749999998","0.748515625","0.748515625","0.748515625","0.6571874999999998","0.6571874999999998","0.6571874999999998","0.7179296874999999","0.7179296874999999","0.7179296874999999"
"70","0.39316406249999997","0.39316406249999997","0.39316406249999997","0.7012890624999999","0.7012890624999999","0.7012890624999999","0.46757812499999996","0.46757812499999996","0.46757812499999996","0.741640625","0.741640625","0.741640625","0.576171875","0.576171875","0.576171875","0.731640625","0.731640625","0.731640625","0.6146093749999999","0.6146093749999999","0.6146093749999999","0.8144921875","0.8144921875","0.8144921875","0.726328125","0.726328125","0.726328125","0.69828125","0.69828125","0.69828125","0.7398437499999999","0.7398437499999999","0.7398437499999999","0.762421875","0.762421875","0.762421875"
"71","0.5187890624999999","0.5187890624999999","0.5187890624999999","0.764375","0.764375","0.764375","0.6925390625","0.6925390625","0.6925390625","","","","0.5653124999999999","0.5653124999999999","0.5653124999999999","0.652734375","0.652734375","0.652734375","0.39578125","0.39578125","0.39578125","0.8049609375","0.8049609375","0.8049609375","0.6676562499999998","0.6676562499999998","0.6676562499999998","0.8028906250000001","0.8028906250000001","0.8028906250000001","0.7518749999999998","0.7518749999999998","0.7518749999999998","0.8735546875","0.8735546875","0.8735546875"
"72","0.4664062499999999","0.4664062499999999","0.4664062499999999","0.6528906250000001","0.6528906250000001","0.6528906250000001","0.75046875","0.75046875","0.75046875","","","","0.698671875","0.698671875","0.698671875","0.75953125","0.75953125","0.75953125","0.66015625","0.66015625","0.66015625","0.6381640625","0.6381640625","0.6381640625","0.799296875","0.799296875","0.799296875","0.7370703125000001","0.7370703125000001","0.7370703125000001","0.7109374999999999","0.7109374999999999","0.7109374999999999","0.8211718749999999","0.8211718749999999","0.8211718749999999"
"73","0.5685546874999998","0.5685546874999998","0.5685546874999998","0.6534374999999999","0.6534374999999999","0.6534374999999999","0.6183203125","0.6183203125","0.6183203125","","","","0.4144140625","0.4144140625","0.4144140625","0.8560937500000001","0.8560937500000001","0.8560937500000001","0.61328125","0.61328125","0.61328125","0.7001953125","0.7001953125","0.7001953125","0.7641015624999999","0.7641015624999999","0.7641015624999999","0.6815234374999999","0.6815234374999999","0.6815234374999999","0.6912109374999998","0.6912109374999998","0.6912109374999998","0.8099218749999999","0.8099218749999999","0.8099218749999999"
"74","0.5381640624999999","0.5381640624999999","0.5381640624999999","0.6353515624999999","0.6353515624999999","0.6353515624999999","0.5167968749999999","0.5167968749999999","0.5167968749999999","","","","0.3801953125","0.3801953125","0.3801953125","0.836640625","0.836640625","0.836640625","0.8771093749999999","0.8771093749999999","0.8771093749999999","0.6855859375","0.6855859375","0.6855859375","0.85453125","0.85453125","0.85453125","0.785078125","0.785078125","0.785078125","0.6936718749999999","0.6936718749999999","0.6936718749999999","0.8380078124999999","0.8380078124999999","0.8380078124999999"
"75","0.5585156249999998","0.5585156249999998","0.5585156249999998","0.6009765625","0.6009765625","0.6009765625","0.49347656249999994","0.49347656249999994","0.49347656249999994","","","","0.3506640625","0.3506640625","0.3506640625","0.6613671875","0.6613671875","0.6613671875","0.898125","0.898125","0.898125","0.8947265624999999","0.8947265624999999","0.8947265624999999","0.7541796875","0.7541796875","0.7541796875","0.7634375","0.7634375","0.7634375","0.620390625","0.620390625","0.620390625","0.7517578125","0.7517578125","0.7517578125"
"76","0.45234374999999993","0.45234374999999993","0.45234374999999993","0.7957421874999999","0.7957421874999999","0.7957421874999999","0.7888671875","0.7888671875","0.7888671875","","","","0.0971875","0.0971875","0.0971875","0.7889453125","0.7889453125","0.7889453125","0.6056249999999999","0.6056249999999999","0.6056249999999999","0.7203125000000001","0.7203125000000001","0.7203125000000001","0.5330859374999999","0.5330859374999999","0.5330859374999999","0.8119921874999999","0.8119921874999999","0.8119921874999999","0.6556249999999998","0.6556249999999998","0.6556249999999998","0.7726171874999999","0.7726171874999999","0.7726171874999999"
"77","0.545078125","0.545078125","0.545078125","0.6949218749999999","0.6949218749999999","0.6949218749999999","0.6382812499999999","0.6382812499999999","0.6382812499999999","","","","0.0022265625000000002","0.0022265625000000002","0.0022265625000000002","0.70234375","0.70234375","0.70234375","0.5464843749999999","0.5464843749999999","0.5464843749999999","0.7803515624999999","0.7803515624999999","0.7803515624999999","0.7510546874999999","0.7510546874999999","0.7510546874999999","0.7769921874999999","0.7769921874999999","0.7769921874999999","0.763203125","0.763203125","0.763203125","0.7755859374999998","0.7755859374999998","0.7755859374999998"
"78","0.6041406249999999","0.6041406249999999","0.6041406249999999","0.5626171875","0.5626171875","0.5626171875","0.7601562499999999","0.7601562499999999","0.7601562499999999","","","","0.00011718750000000002","0.00011718750000000002","0.00011718750000000002","0.6496875","0.6496875","0.6496875","0.584921875","0.584921875","0.584921875","0.842890625","0.842890625","0.842890625","0.8231640624999998","0.8231640624999998","0.8231640624999998","0.7228515624999999","0.7228515624999999","0.7228515624999999","0.7333984374999999","0.7333984374999999","0.7333984374999999","0.7825390624999999","0.7825390624999999","0.7825390624999999"
"79","0.4605468749999999","0.4605468749999999","0.4605468749999999","0.68796875","0.68796875","0.68796875","0.6871875","0.6871875","0.6871875","","","","0.0","0.0","0.0","0.6958984375","0.6958984375","0.6958984375","0.633046875","0.633046875","0.633046875","0.8240624999999999","0.8240624999999999","0.8240624999999999","0.7162890625","0.7162890625","0.7162890625","0.7653906249999999","0.7653906249999999","0.7653906249999999","0.8662109375","0.8662109375","0.8662109375","0.7658984375","0.7658984375","0.7658984375"
"80","0.41441406249999996","0.41441406249999996","0.41441406249999996","0.690703125","0.690703125","0.690703125","0.7775000000000001","0.7775000000000001","0.7775000000000001","","","","0.0","0.0","0.0","0.8812499999999999","0.8812499999999999","0.8812499999999999","0.8180468750000001","0.8180468750000001","0.8180468750000001","0.8025390625","0.8025390625","0.8025390625","0.7096093750000001","0.7096093750000001","0.7096093750000001","0.771875","0.771875","0.771875","0.7730468749999999","0.7730468749999999","0.7730468749999999","0.747265625","0.747265625","0.747265625"
"81","0.5423437499999999","0.5423437499999999","0.5423437499999999","0.7742578124999999","0.7742578124999999","0.7742578124999999","0.6822265624999999","0.6822265624999999","0.6822265624999999","","","","0.00011718750000000002","0.00011718750000000002","0.00011718750000000002","0.6746874999999999","0.6746874999999999","0.6746874999999999","0.7483593749999999","0.7483593749999999","0.7483593749999999","0.8365625000000001","0.8365625000000001","0.8365625000000001","0.8078515625","0.8078515625","0.8078515625","0.8245312499999999","0.8245312499999999","0.8245312499999999","0.8855078125","0.8855078125","0.8855078125","0.8116406249999999","0.8116406249999999","0.8116406249999999"
"82","0.5657421874999999","0.5657421874999999","0.5657421874999999","0.7396874999999999","0.7396874999999999","0.7396874999999999","0.5608984374999999","0.5608984374999999","0.5608984374999999","","","","0.000546875","0.000546875","0.000546875","0.7696875","0.7696875","0.7696875","0.7190624999999999","0.7190624999999999","0.7190624999999999","0.8402343750000001","0.8402343750000001","0.8402343750000001","0.839375","0.839375","0.839375","0.7780078125","0.7780078125","0.7780078125","0.671640625","0.671640625","0.671640625","0.7687890625","0.7687890625","0.7687890625"
"84","0.5163671875","0.5163671875","0.5163671875","0.6914453125","0.6914453125","0.6914453125","0.8047265625","0.8047265625","0.8047265625","","","","","","","0.6472265625","0.6472265625","0.6472265625","0.7522656249999999","0.7522656249999999","0.7522656249999999","0.7594140624999999","0.7594140624999999","0.7594140624999999","0.8287109375","0.8287109375","0.8287109375","0.889375","0.889375","0.889375","0.6855078124999999","0.6855078124999999","0.6855078124999999","0.8282031249999999","0.8282031249999999","0.8282031249999999"
"85","0.5766015624999998","0.5766015624999998","0.5766015624999998","0.6708984375","0.6708984375","0.6708984375","0.591171875","0.591171875","0.591171875","","","","","","","0.7500390625","0.7500390625","0.7500390625","0.8939843749999998","0.8939843749999998","0.8939843749999998","0.8723828125","0.8723828125","0.8723828125","0.6987109375","0.6987109375","0.6987109375","0.8372265625","0.8372265625","0.8372265625","0.808984375","0.808984375","0.808984375","0.79390625","0.79390625","0.79390625"
"86","0.38187499999999996","0.38187499999999996","0.38187499999999996","0.598515625","0.598515625","0.598515625","0.6328906249999999","0.6328906249999999","0.6328906249999999","","","","","","","0.7246874999999999","0.7246874999999999","0.7246874999999999","0.933125","0.933125","0.933125","0.7101171875","0.7101171875","0.7101171875","0.6771093749999999","0.6771093749999999","0.6771093749999999","0.8501953124999999","0.8501953124999999","0.8501953124999999","0.6878515624999999","0.6878515624999999","0.6878515624999999","0.717734375","0.717734375","0.717734375"
"87","0.512734375","0.512734375","0.512734375","0.6969921875","0.6969921875","0.6969921875","0.759453125","0.759453125","0.759453125","","","","","","","0.790234375","0.790234375","0.790234375","0.65625","0.65625","0.65625","0.7408984374999998","0.7408984374999998","0.7408984374999998","0.7955859375","0.7955859375","0.7955859375","0.7459765625","0.7459765625","0.7459765625","0.5549609375","0.5549609375","0.5549609375","0.8115625","0.8115625","0.8115625"
"88","0.5137109375","0.5137109375","0.5137109375","0.7549609374999999","0.7549609374999999","0.7549609374999999","0.5830078124999999","0.5830078124999999","0.5830078124999999","","","","","","","0.7255859375","0.7255859375","0.7255859375","0.774609375","0.774609375","0.774609375","0.7396484375","0.7396484375","0.7396484375","0.8787890625","0.8787890625","0.8787890625","0.7934765625","0.7934765625","0.7934765625","0.7078125","0.7078125","0.7078125","0.8539453125","0.8539453125","0.8539453125"
"89","0.4482031249999999","0.4482031249999999","0.4482031249999999","0.757578125","0.757578125","0.757578125","0.6840624999999999","0.6840624999999999","0.6840624999999999","","","","","","","0.7463671875","0.7463671875","0.7463671875","0.9464843749999999","0.9464843749999999","0.9464843749999999","0.7994140624999999","0.7994140624999999","0.7994140624999999","0.8122265625","0.8122265625","0.8122265625","0.798515625","0.798515625","0.798515625","0.5819140624999999","0.5819140624999999","0.5819140624999999","0.8578515624999999","0.8578515624999999","0.8578515624999999"
"90","0.4055078124999999","0.4055078124999999","0.4055078124999999","0.73203125","0.73203125","0.73203125","0.6046484375","0.6046484375","0.6046484375","","","","","","","0.7973828125","0.7973828125","0.7973828125","0.82546875","0.82546875","0.82546875","0.8507421875","0.8507421875","0.8507421875","0.8258984375","0.8258984375","0.8258984375","0.8528515624999999","0.8528515624999999","0.8528515624999999","0.7373828124999999","0.7373828124999999","0.7373828124999999","0.801171875","0.801171875","0.801171875"
"91","0.4568749999999999","0.4568749999999999","0.4568749999999999","0.6926953124999999","0.6926953124999999","0.6926953124999999","0.7804296874999999","0.7804296874999999","0.7804296874999999","","","","","","","0.7570312499999999","0.7570312499999999","0.7570312499999999","0.8265624999999999","0.8265624999999999","0.8265624999999999","0.7637890625","0.7637890625","0.7637890625","0.7733984375","0.7733984375","0.7733984375","0.7956640625","0.7956640625","0.7956640625","0.7063671874999999","0.7063671874999999","0.7063671874999999","0.7901562499999999","0.7901562499999999","0.7901562499999999"
"92","0.432890625","0.432890625","0.432890625","0.7229687499999999","0.7229687499999999","0.7229687499999999","0.6477734374999999","0.6477734374999999","0.6477734374999999","","","","","","","0.879453125","0.879453125","0.879453125","0.6964843749999998","0.6964843749999998","0.6964843749999998","0.8787890625","0.8787890625","0.8787890625","0.6249218750000001","0.6249218750000001","0.6249218750000001","0.744921875","0.744921875","0.744921875","0.7178906249999999","0.7178906249999999","0.7178906249999999","0.77015625","0.77015625","0.77015625"
"93","0.48429687499999996","0.48429687499999996","0.48429687499999996","0.7664453124999999","0.7664453124999999","0.7664453124999999","0.756796875","0.756796875","0.756796875","","","","","","","0.7641015625","0.7641015625","0.7641015625","0.893359375","0.893359375","0.893359375","0.871640625","0.871640625","0.871640625","0.7475390624999998","0.7475390624999998","0.7475390624999998","0.6888281249999999","0.6888281249999999","0.6888281249999999","0.5980078125","0.5980078125","0.5980078125","0.7630859374999999","0.7630859374999999","0.7630859374999999"
"94","0.6187499999999999","0.6187499999999999","0.6187499999999999","0.7031640625","0.7031640625","0.7031640625","0.6173046875","0.6173046875","0.6173046875","","","","","","","0.7259765625","0.7259765625","0.7259765625","0.69328125","0.69328125","0.69328125","0.734765625","0.734765625","0.734765625","0.7743359375000001","0.7743359375000001","0.7743359375000001","0.775546875","0.775546875","0.775546875","0.8378125","0.8378125","0.8378125","0.831796875","0.831796875","0.831796875"
"95","0.5952734375","0.5952734375","0.5952734375","0.679375","0.679375","0.679375","0.6405468749999998","0.6405468749999998","0.6405468749999998","","","","","","","0.813203125","0.813203125","0.813203125","0.8488281249999999","0.8488281249999999","0.8488281249999999","0.705703125","0.705703125","0.705703125","0.7096093750000001","0.7096093750000001","0.7096093750000001","0.6301171874999999","0.6301171874999999","0.6301171874999999","0.6597265625","0.6597265625","0.6597265625","0.8123828124999999","0.8123828124999999","0.8123828124999999"
"96","0.4827734374999999","0.4827734374999999","0.4827734374999999","0.6869921875","0.6869921875","0.6869921875","0.517109375","0.517109375","0.517109375","","","","","","","0.6524218749999999","0.6524218749999999","0.6524218749999999","0.7797656249999999","0.7797656249999999","0.7797656249999999","0.7593750000000001","0.7593750000000001","0.7593750000000001","0.7958203124999998","0.7958203124999998","0.7958203124999998","0.7534375","0.7534375","0.7534375","0.8678125000000001","0.8678125000000001","0.8678125000000001","0.7962890625","0.7962890625","0.7962890625"
"97","0.48230468749999983","0.48230468749999983","0.48230468749999983","0.7005859375","0.7005859375","0.7005859375","0.6386328124999999","0.6386328124999999","0.6386328124999999","","","","","","","0.7689453125","0.7689453125","0.7689453125","0.8515624999999998","0.8515624999999998","0.8515624999999998","0.7654296875","0.7654296875","0.7654296875","0.6552734374999998","0.6552734374999998","0.6552734374999998","0.864140625","0.864140625","0.864140625","0.6551171874999999","0.6551171874999999","0.6551171874999999","0.7845703124999999","0.7845703124999999","0.7845703124999999"
"98","0.5130078124999999","0.5130078124999999","0.5130078124999999","0.7428515625000001","0.7428515625000001","0.7428515625000001","0.6706249999999999","0.6706249999999999","0.6706249999999999","","","","","","","0.7353125","0.7353125","0.7353125","0.8578124999999999","0.8578124999999999","0.8578124999999999","0.82984375","0.82984375","0.82984375","0.710078125","0.710078125","0.710078125","0.75890625","0.75890625","0.75890625","0.7380859375","0.7380859375","0.7380859375","0.8216796875","0.8216796875","0.8216796875"
"99","0.5820312499999999","0.5820312499999999","0.5820312499999999","0.7339843749999999","0.7339843749999999","0.7339843749999999","0.5541015625","0.5541015625","0.5541015625","","","","","","","0.8709765625","0.8709765625","0.8709765625","0.8321875","0.8321875","0.8321875","0.694609375","0.694609375","0.694609375","0.780234375","0.780234375","0.780234375","0.8377734375","0.8377734375","0.8377734375","0.624140625","0.624140625","0.624140625","0.752109375","0.752109375","0.752109375"
"100","0.49207031249999994","0.49207031249999994","0.49207031249999994","0.772109375","0.772109375","0.772109375","0.7144140625","0.7144140625","0.7144140625","","","","","","","0.7821484375","0.7821484375","0.7821484375","0.775078125","0.775078125","0.775078125","0.814765625","0.814765625","0.814765625","0.7315234375","0.7315234375","0.7315234375","0.6346875000000001","0.6346875000000001","0.6346875000000001","0.7763671875","0.7763671875","0.7763671875","0.8553125","0.8553125","0.8553125"